Dataset,Function Type,Model,Optimal Clusters,Adjusted Clusters (Embeddings),Distance Correlation,Cosine Similarity,NumCategoricalVars,SubjectVariableRatio
data_79_quadratic,quadratic,bert,40,10,-0.204,0.681,32.0,14.285714285714286
data_79_quadratic,quadratic,ernie,40,10,0.172,0.748,32.0,14.285714285714286
data_79_quadratic,quadratic,gatortron,40,10,0.17,0.753,32.0,14.285714285714286
data_79_quadratic,quadratic,roberta,40,10,0.102,0.748,32.0,14.285714285714286
data_79_quadratic,quadratic,t5,40,10,-0.065,0.689,32.0,14.285714285714286
data_79_quadratic,quadratic,e5_small,40,10,-0.055,0.678,32.0,14.285714285714286
data_79_quadratic,quadratic,minilm,40,10,0.02,0.744,32.0,14.285714285714286
data_91_linear,linear,bert,40,10,-0.057,0.712,38.0,12.195121951219512
data_91_linear,linear,ernie,40,10,0.025,0.721,38.0,12.195121951219512
data_91_linear,linear,gatortron,40,10,0.014,0.74,38.0,12.195121951219512
data_91_linear,linear,roberta,40,10,0.051,0.702,38.0,12.195121951219512
data_91_linear,linear,t5,40,10,-0.095,0.683,38.0,12.195121951219512
data_91_linear,linear,e5_small,40,10,0.081,0.706,38.0,12.195121951219512
data_91_linear,linear,minilm,40,10,-0.015,0.702,38.0,12.195121951219512
data_44_exponential,exponential,bert,40,10,0.163,0.726,18.0,23.80952380952381
data_44_exponential,exponential,ernie,40,10,0.163,0.736,18.0,23.80952380952381
data_44_exponential,exponential,gatortron,40,10,0.05,0.731,18.0,23.80952380952381
data_44_exponential,exponential,roberta,40,10,0.037,0.711,18.0,23.80952380952381
data_44_exponential,exponential,t5,40,10,-0.063,0.675,18.0,23.80952380952381
data_44_exponential,exponential,e5_small,40,10,0.125,0.676,18.0,23.80952380952381
data_44_exponential,exponential,minilm,40,10,0.135,0.748,18.0,23.80952380952381
data_42_linear,linear,bert,40,10,0.001,0.69,18.0,23.80952380952381
data_42_linear,linear,ernie,40,10,0.128,0.738,18.0,23.80952380952381
data_42_linear,linear,gatortron,40,10,0.052,0.716,18.0,23.80952380952381
data_42_linear,linear,roberta,40,10,-0.12,0.664,18.0,23.80952380952381
data_42_linear,linear,t5,40,10,-0.222,0.605,18.0,23.80952380952381
data_42_linear,linear,e5_small,40,10,-0.028,0.632,18.0,23.80952380952381
data_42_linear,linear,minilm,40,10,-0.081,0.688,18.0,23.80952380952381
data_88_exponential,exponential,bert,40,10,0.089,0.697,36.0,12.820512820512821
data_88_exponential,exponential,ernie,40,10,0.065,0.689,36.0,12.820512820512821
data_88_exponential,exponential,gatortron,40,10,-0.038,0.674,36.0,12.820512820512821
data_88_exponential,exponential,roberta,40,10,-0.082,0.687,36.0,12.820512820512821
data_88_exponential,exponential,t5,40,10,-0.061,0.675,36.0,12.820512820512821
data_88_exponential,exponential,e5_small,40,10,0.031,0.68,36.0,12.820512820512821
data_88_exponential,exponential,minilm,40,10,-0.069,0.688,36.0,12.820512820512821
data_43_linear,linear,bert,40,10,0.048,0.735,18.0,23.80952380952381
data_43_linear,linear,ernie,40,10,-0.069,0.671,18.0,23.80952380952381
data_43_linear,linear,gatortron,40,10,-0.046,0.71,18.0,23.80952380952381
data_43_linear,linear,roberta,40,10,0.176,0.776,18.0,23.80952380952381
data_43_linear,linear,t5,40,10,0.072,0.731,18.0,23.80952380952381
data_43_linear,linear,e5_small,40,10,0.095,0.691,18.0,23.80952380952381
data_43_linear,linear,minilm,40,10,0.129,0.764,18.0,23.80952380952381
data_68_exponential,exponential,bert,40,10,0.071,0.72,28.0,16.129032258064516
data_68_exponential,exponential,ernie,40,10,-0.066,0.667,28.0,16.129032258064516
data_68_exponential,exponential,gatortron,40,10,-0.017,0.695,28.0,16.129032258064516
data_68_exponential,exponential,roberta,40,10,-0.09,0.661,28.0,16.129032258064516
data_68_exponential,exponential,t5,40,10,0.032,0.69,28.0,16.129032258064516
data_68_exponential,exponential,e5_small,40,10,0.181,0.681,28.0,16.129032258064516
data_68_exponential,exponential,minilm,40,10,0.126,0.724,28.0,16.129032258064516
data_48_cubic,cubic,bert,40,10,0.035,0.754,20.0,21.73913043478261
data_48_cubic,cubic,ernie,40,10,0.026,0.731,20.0,21.73913043478261
data_48_cubic,cubic,gatortron,40,10,-0.104,0.701,20.0,21.73913043478261
data_48_cubic,cubic,roberta,40,10,-0.008,0.731,20.0,21.73913043478261
data_48_cubic,cubic,t5,40,10,-0.072,0.693,20.0,21.73913043478261
data_48_cubic,cubic,e5_small,40,10,-0.126,0.638,20.0,21.73913043478261
data_48_cubic,cubic,minilm,40,10,-0.094,0.721,20.0,21.73913043478261
data_13_cubic,cubic,bert,40,10,-0.013,0.738,6.0,55.55555555555556
data_13_cubic,cubic,ernie,40,10,-0.061,0.718,6.0,55.55555555555556
data_13_cubic,cubic,gatortron,40,10,0.036,0.749,6.0,55.55555555555556
data_13_cubic,cubic,roberta,40,10,0.049,0.758,6.0,55.55555555555556
data_13_cubic,cubic,t5,40,10,0.066,0.735,6.0,55.55555555555556
data_13_cubic,cubic,e5_small,40,10,0.174,0.748,6.0,55.55555555555556
data_13_cubic,cubic,minilm,40,10,0.033,0.728,6.0,55.55555555555556
data_33_quadratic,quadratic,bert,40,10,-0.052,0.711,14.0,29.41176470588235
data_33_quadratic,quadratic,ernie,40,10,0.08,0.735,14.0,29.41176470588235
data_33_quadratic,quadratic,gatortron,40,10,0.2,0.787,14.0,29.41176470588235
data_33_quadratic,quadratic,roberta,40,10,0.131,0.78,14.0,29.41176470588235
data_33_quadratic,quadratic,t5,40,10,-0.055,0.709,14.0,29.41176470588235
data_33_quadratic,quadratic,e5_small,40,10,0.191,0.746,14.0,29.41176470588235
data_33_quadratic,quadratic,minilm,40,10,0.13,0.776,14.0,29.41176470588235
data_84_cubic,cubic,bert,40,10,0.148,0.778,34.0,13.513513513513514
data_84_cubic,cubic,ernie,40,10,0.056,0.761,34.0,13.513513513513514
data_84_cubic,cubic,gatortron,40,10,0.015,0.731,34.0,13.513513513513514
data_84_cubic,cubic,roberta,40,10,0.053,0.777,34.0,13.513513513513514
data_84_cubic,cubic,t5,40,10,0.247,0.8,34.0,13.513513513513514
data_84_cubic,cubic,e5_small,40,10,0.095,0.76,34.0,13.513513513513514
data_84_cubic,cubic,minilm,40,10,0.039,0.763,34.0,13.513513513513514
data_74_linear,linear,bert,40,10,-0.055,0.715,30.0,15.151515151515152
data_74_linear,linear,ernie,40,10,-0.032,0.699,30.0,15.151515151515152
data_74_linear,linear,gatortron,40,10,-0.07,0.692,30.0,15.151515151515152
data_74_linear,linear,roberta,40,10,-0.07,0.694,30.0,15.151515151515152
data_74_linear,linear,t5,40,10,-0.044,0.7,30.0,15.151515151515152
data_74_linear,linear,e5_small,40,10,-0.014,0.674,30.0,15.151515151515152
data_74_linear,linear,minilm,40,10,-0.118,0.695,30.0,15.151515151515152
data_21_quadratic,quadratic,bert,40,10,-0.009,0.76,10.0,38.46153846153846
data_21_quadratic,quadratic,ernie,40,10,-0.104,0.72,10.0,38.46153846153846
data_21_quadratic,quadratic,gatortron,40,10,-0.157,0.715,10.0,38.46153846153846
data_21_quadratic,quadratic,roberta,40,10,-0.099,0.723,10.0,38.46153846153846
data_21_quadratic,quadratic,t5,40,10,0.161,0.782,10.0,38.46153846153846
data_21_quadratic,quadratic,e5_small,40,10,0.047,0.682,10.0,38.46153846153846
data_21_quadratic,quadratic,minilm,40,10,-0.065,0.746,10.0,38.46153846153846
data_40_exponential,exponential,bert,40,10,-0.101,0.663,18.0,23.80952380952381
data_40_exponential,exponential,ernie,40,10,0.041,0.698,18.0,23.80952380952381
data_40_exponential,exponential,gatortron,40,10,-0.038,0.689,18.0,23.80952380952381
data_40_exponential,exponential,roberta,40,10,-0.086,0.668,18.0,23.80952380952381
data_40_exponential,exponential,t5,40,10,0.172,0.723,18.0,23.80952380952381
data_40_exponential,exponential,e5_small,40,10,-0.136,0.596,18.0,23.80952380952381
data_40_exponential,exponential,minilm,40,10,-0.048,0.68,18.0,23.80952380952381
data_5_cubic,cubic,bert,40,10,0.24,0.784,4.0,71.42857142857143
data_5_cubic,cubic,ernie,40,10,0.099,0.746,4.0,71.42857142857143
data_5_cubic,cubic,gatortron,40,10,0.151,0.77,4.0,71.42857142857143
data_5_cubic,cubic,roberta,40,10,0.023,0.736,4.0,71.42857142857143
data_5_cubic,cubic,t5,40,10,-0.02,0.693,4.0,71.42857142857143
data_5_cubic,cubic,e5_small,40,10,0.152,0.729,4.0,71.42857142857143
data_5_cubic,cubic,minilm,40,10,0.091,0.752,4.0,71.42857142857143
data_17_exponential,exponential,bert,40,10,0.065,0.723,8.0,45.45454545454545
data_17_exponential,exponential,ernie,40,10,-0.027,0.704,8.0,45.45454545454545
data_17_exponential,exponential,gatortron,40,10,0.121,0.726,8.0,45.45454545454545
data_17_exponential,exponential,roberta,40,10,-0.103,0.686,8.0,45.45454545454545
data_17_exponential,exponential,t5,40,10,0.111,0.708,8.0,45.45454545454545
data_17_exponential,exponential,e5_small,40,10,0.029,0.641,8.0,45.45454545454545
data_17_exponential,exponential,minilm,40,10,-0.076,0.697,8.0,45.45454545454545
data_0_exponential,exponential,bert,40,10,-0.072,0.704,2.0,100.0
data_0_exponential,exponential,ernie,40,10,0.059,0.687,2.0,100.0
data_0_exponential,exponential,gatortron,40,10,0.131,0.746,2.0,100.0
data_0_exponential,exponential,roberta,40,10,0.116,0.742,2.0,100.0
data_0_exponential,exponential,t5,40,10,0.213,0.73,2.0,100.0
data_0_exponential,exponential,e5_small,40,10,0.132,0.72,2.0,100.0
data_0_exponential,exponential,minilm,40,10,0.002,0.632,2.0,100.0
data_30_cubic,cubic,bert,40,10,0.115,0.762,14.0,29.41176470588235
data_30_cubic,cubic,ernie,40,10,0.208,0.761,14.0,29.41176470588235
data_30_cubic,cubic,gatortron,40,10,0.083,0.766,14.0,29.41176470588235
data_30_cubic,cubic,roberta,40,10,0.04,0.721,14.0,29.41176470588235
data_30_cubic,cubic,t5,40,10,0.057,0.725,14.0,29.41176470588235
data_30_cubic,cubic,e5_small,40,10,0.124,0.706,14.0,29.41176470588235
data_30_cubic,cubic,minilm,40,10,0.133,0.778,14.0,29.41176470588235
data_34_cubic,cubic,bert,40,10,0.022,0.762,14.0,29.41176470588235
data_34_cubic,cubic,ernie,40,10,-0.125,0.715,14.0,29.41176470588235
data_34_cubic,cubic,gatortron,40,10,-0.055,0.748,14.0,29.41176470588235
data_34_cubic,cubic,roberta,40,10,-0.022,0.741,14.0,29.41176470588235
data_34_cubic,cubic,t5,40,10,0.128,0.775,14.0,29.41176470588235
data_34_cubic,cubic,e5_small,40,10,0.117,0.718,14.0,29.41176470588235
data_34_cubic,cubic,minilm,40,10,0.001,0.753,14.0,29.41176470588235
data_52_cubic,cubic,bert,40,10,-0.13,0.707,22.0,20.0
data_52_cubic,cubic,ernie,40,10,-0.179,0.696,22.0,20.0
data_52_cubic,cubic,gatortron,40,10,0.027,0.726,22.0,20.0
data_52_cubic,cubic,roberta,40,10,-0.027,0.722,22.0,20.0
data_52_cubic,cubic,t5,40,10,-0.243,0.675,22.0,20.0
data_52_cubic,cubic,e5_small,40,10,-0.09,0.647,22.0,20.0
data_52_cubic,cubic,minilm,40,10,0.033,0.753,22.0,20.0
data_16_cubic,cubic,bert,40,10,0.031,0.747,8.0,45.45454545454545
data_16_cubic,cubic,ernie,40,10,0.085,0.75,8.0,45.45454545454545
data_16_cubic,cubic,gatortron,40,10,0.054,0.754,8.0,45.45454545454545
data_16_cubic,cubic,roberta,40,10,0.042,0.753,8.0,45.45454545454545
data_16_cubic,cubic,t5,40,10,0.071,0.719,8.0,45.45454545454545
data_16_cubic,cubic,e5_small,40,10,0.02,0.674,8.0,45.45454545454545
data_16_cubic,cubic,minilm,40,10,-0.046,0.734,8.0,45.45454545454545
data_72_linear,linear,bert,40,10,0.089,0.737,30.0,15.151515151515152
data_72_linear,linear,ernie,40,10,0.087,0.733,30.0,15.151515151515152
data_72_linear,linear,gatortron,40,10,0.193,0.755,30.0,15.151515151515152
data_72_linear,linear,roberta,40,10,-0.022,0.728,30.0,15.151515151515152
data_72_linear,linear,t5,40,10,0.257,0.777,30.0,15.151515151515152
data_72_linear,linear,e5_small,40,10,0.167,0.696,30.0,15.151515151515152
data_72_linear,linear,minilm,40,10,0.126,0.767,30.0,15.151515151515152
data_89_linear,linear,bert,40,10,0.08,0.728,36.0,12.820512820512821
data_89_linear,linear,ernie,40,10,0.021,0.696,36.0,12.820512820512821
data_89_linear,linear,gatortron,40,10,0.076,0.721,36.0,12.820512820512821
data_89_linear,linear,roberta,40,10,-0.001,0.694,36.0,12.820512820512821
data_89_linear,linear,t5,40,10,-0.049,0.69,36.0,12.820512820512821
data_89_linear,linear,e5_small,40,10,0.048,0.674,36.0,12.820512820512821
data_89_linear,linear,minilm,40,10,0.314,0.792,36.0,12.820512820512821
data_55_linear,linear,bert,40,10,-0.242,0.653,24.0,18.51851851851852
data_55_linear,linear,ernie,40,10,-0.08,0.664,24.0,18.51851851851852
data_55_linear,linear,gatortron,40,10,-0.138,0.672,24.0,18.51851851851852
data_55_linear,linear,roberta,40,10,-0.02,0.685,24.0,18.51851851851852
data_55_linear,linear,t5,40,10,-0.108,0.648,24.0,18.51851851851852
data_55_linear,linear,e5_small,40,10,-0.317,0.544,24.0,18.51851851851852
data_55_linear,linear,minilm,40,10,-0.071,0.699,24.0,18.51851851851852
data_22_quadratic,quadratic,bert,40,10,0.013,0.747,10.0,38.46153846153846
data_22_quadratic,quadratic,ernie,40,10,0.04,0.737,10.0,38.46153846153846
data_22_quadratic,quadratic,gatortron,40,10,0.035,0.736,10.0,38.46153846153846
data_22_quadratic,quadratic,roberta,40,10,-0.022,0.727,10.0,38.46153846153846
data_22_quadratic,quadratic,t5,40,10,-0.025,0.717,10.0,38.46153846153846
data_22_quadratic,quadratic,e5_small,40,10,-0.006,0.672,10.0,38.46153846153846
data_22_quadratic,quadratic,minilm,40,10,-0.048,0.743,10.0,38.46153846153846
data_65_exponential,exponential,bert,40,10,-0.109,0.692,28.0,16.129032258064516
data_65_exponential,exponential,ernie,40,10,-0.095,0.656,28.0,16.129032258064516
data_65_exponential,exponential,gatortron,40,10,-0.041,0.693,28.0,16.129032258064516
data_65_exponential,exponential,roberta,40,10,-0.098,0.677,28.0,16.129032258064516
data_65_exponential,exponential,t5,40,10,-0.124,0.662,28.0,16.129032258064516
data_65_exponential,exponential,e5_small,40,10,-0.13,0.61,28.0,16.129032258064516
data_65_exponential,exponential,minilm,40,10,0.015,0.709,28.0,16.129032258064516
data_14_linear,linear,bert,40,10,-0.114,0.728,6.0,55.55555555555556
data_14_linear,linear,ernie,40,10,-0.055,0.727,6.0,55.55555555555556
data_14_linear,linear,gatortron,40,10,0.02,0.738,6.0,55.55555555555556
data_14_linear,linear,roberta,40,10,0.088,0.76,6.0,55.55555555555556
data_14_linear,linear,t5,40,10,0.054,0.733,6.0,55.55555555555556
data_14_linear,linear,e5_small,40,10,-0.097,0.674,6.0,55.55555555555556
data_14_linear,linear,minilm,40,10,0.065,0.752,6.0,55.55555555555556
data_25_exponential,exponential,bert,40,10,-0.057,0.695,12.0,33.333333333333336
data_25_exponential,exponential,ernie,40,10,-0.064,0.662,12.0,33.333333333333336
data_25_exponential,exponential,gatortron,40,10,-0.005,0.699,12.0,33.333333333333336
data_25_exponential,exponential,roberta,40,10,0.009,0.714,12.0,33.333333333333336
data_25_exponential,exponential,t5,40,10,-0.051,0.646,12.0,33.333333333333336
data_25_exponential,exponential,e5_small,40,10,-0.244,0.567,12.0,33.333333333333336
data_25_exponential,exponential,minilm,40,10,0.069,0.714,12.0,33.333333333333336
data_94_quadratic,quadratic,bert,40,10,-0.049,0.7,38.0,12.195121951219512
data_94_quadratic,quadratic,ernie,40,10,-0.04,0.691,38.0,12.195121951219512
data_94_quadratic,quadratic,gatortron,40,10,-0.055,0.712,38.0,12.195121951219512
data_94_quadratic,quadratic,roberta,40,10,0.05,0.729,38.0,12.195121951219512
data_94_quadratic,quadratic,t5,40,10,-0.042,0.711,38.0,12.195121951219512
data_94_quadratic,quadratic,e5_small,40,10,-0.138,0.652,38.0,12.195121951219512
data_94_quadratic,quadratic,minilm,40,10,-0.116,0.705,38.0,12.195121951219512
data_96_cubic,cubic,bert,40,10,0.002,0.769,40.0,11.627906976744185
data_96_cubic,cubic,ernie,40,10,0.13,0.757,40.0,11.627906976744185
data_96_cubic,cubic,gatortron,40,10,-0.002,0.754,40.0,11.627906976744185
data_96_cubic,cubic,roberta,40,10,0.094,0.777,40.0,11.627906976744185
data_96_cubic,cubic,t5,40,10,0.017,0.719,40.0,11.627906976744185
data_96_cubic,cubic,e5_small,40,10,0.199,0.759,40.0,11.627906976744185
data_96_cubic,cubic,minilm,40,10,0.173,0.798,40.0,11.627906976744185
data_85_quadratic,quadratic,bert,40,10,-0.096,0.68,36.0,12.820512820512821
data_85_quadratic,quadratic,ernie,40,10,0.135,0.717,36.0,12.820512820512821
data_85_quadratic,quadratic,gatortron,40,10,0.005,0.723,36.0,12.820512820512821
data_85_quadratic,quadratic,roberta,40,10,0.039,0.684,36.0,12.820512820512821
data_85_quadratic,quadratic,t5,40,10,-0.066,0.69,36.0,12.820512820512821
data_85_quadratic,quadratic,e5_small,40,10,-0.023,0.643,36.0,12.820512820512821
data_85_quadratic,quadratic,minilm,40,10,0.015,0.687,36.0,12.820512820512821
data_51_quadratic,quadratic,bert,40,10,-0.021,0.727,22.0,20.0
data_51_quadratic,quadratic,ernie,40,10,-0.113,0.715,22.0,20.0
data_51_quadratic,quadratic,gatortron,40,10,0.007,0.713,22.0,20.0
data_51_quadratic,quadratic,roberta,40,10,0.096,0.764,22.0,20.0
data_51_quadratic,quadratic,t5,40,10,0.045,0.736,22.0,20.0
data_51_quadratic,quadratic,e5_small,40,10,-0.136,0.636,22.0,20.0
data_51_quadratic,quadratic,minilm,40,10,-0.012,0.741,22.0,20.0
data_90_quadratic,quadratic,bert,40,10,-0.019,0.709,38.0,12.195121951219512
data_90_quadratic,quadratic,ernie,40,10,0.154,0.743,38.0,12.195121951219512
data_90_quadratic,quadratic,gatortron,40,10,-0.023,0.691,38.0,12.195121951219512
data_90_quadratic,quadratic,roberta,40,10,-0.134,0.653,38.0,12.195121951219512
data_90_quadratic,quadratic,t5,40,10,0.072,0.727,38.0,12.195121951219512
data_90_quadratic,quadratic,e5_small,40,10,-0.139,0.622,38.0,12.195121951219512
data_90_quadratic,quadratic,minilm,40,10,-0.009,0.708,38.0,12.195121951219512
data_38_exponential,exponential,bert,40,10,0.111,0.74,16.0,26.31578947368421
data_38_exponential,exponential,ernie,40,10,0.077,0.74,16.0,26.31578947368421
data_38_exponential,exponential,gatortron,40,10,-0.014,0.721,16.0,26.31578947368421
data_38_exponential,exponential,roberta,40,10,0.078,0.744,16.0,26.31578947368421
data_38_exponential,exponential,t5,40,10,-0.023,0.677,16.0,26.31578947368421
data_38_exponential,exponential,e5_small,40,10,0.172,0.71,16.0,26.31578947368421
data_38_exponential,exponential,minilm,40,10,0.224,0.796,16.0,26.31578947368421
data_81_exponential,exponential,bert,40,10,-0.106,0.712,34.0,13.513513513513514
data_81_exponential,exponential,ernie,40,10,-0.138,0.664,34.0,13.513513513513514
data_81_exponential,exponential,gatortron,40,10,0.039,0.711,34.0,13.513513513513514
data_81_exponential,exponential,roberta,40,10,0.095,0.732,34.0,13.513513513513514
data_81_exponential,exponential,t5,40,10,-0.004,0.696,34.0,13.513513513513514
data_81_exponential,exponential,e5_small,40,10,0.001,0.704,34.0,13.513513513513514
data_81_exponential,exponential,minilm,40,10,-0.018,0.721,34.0,13.513513513513514
data_92_exponential,exponential,bert,40,10,-0.001,0.734,38.0,12.195121951219512
data_92_exponential,exponential,ernie,40,10,0.043,0.707,38.0,12.195121951219512
data_92_exponential,exponential,gatortron,40,10,0.051,0.721,38.0,12.195121951219512
data_92_exponential,exponential,roberta,40,10,0.05,0.726,38.0,12.195121951219512
data_92_exponential,exponential,t5,40,10,0.15,0.741,38.0,12.195121951219512
data_92_exponential,exponential,e5_small,40,10,0.078,0.688,38.0,12.195121951219512
data_92_exponential,exponential,minilm,40,10,0.069,0.735,38.0,12.195121951219512
data_62_quadratic,quadratic,bert,40,10,0.141,0.75,26.0,17.24137931034483
data_62_quadratic,quadratic,ernie,40,10,0.042,0.705,26.0,17.24137931034483
data_62_quadratic,quadratic,gatortron,40,10,-0.037,0.694,26.0,17.24137931034483
data_62_quadratic,quadratic,roberta,40,10,0.189,0.764,26.0,17.24137931034483
data_62_quadratic,quadratic,t5,40,10,0.077,0.724,26.0,17.24137931034483
data_62_quadratic,quadratic,e5_small,40,10,0.2,0.736,26.0,17.24137931034483
data_62_quadratic,quadratic,minilm,40,10,0.014,0.737,26.0,17.24137931034483
data_10_linear,linear,bert,40,10,0.018,0.754,6.0,55.55555555555556
data_10_linear,linear,ernie,40,10,0.16,0.781,6.0,55.55555555555556
data_10_linear,linear,gatortron,40,10,0.019,0.736,6.0,55.55555555555556
data_10_linear,linear,roberta,40,10,0.053,0.763,6.0,55.55555555555556
data_10_linear,linear,t5,40,10,0.17,0.768,6.0,55.55555555555556
data_10_linear,linear,e5_small,40,10,0.069,0.708,6.0,55.55555555555556
data_10_linear,linear,minilm,40,10,0.032,0.742,6.0,55.55555555555556
data_31_linear,linear,bert,40,10,-0.092,0.709,14.0,29.41176470588235
data_31_linear,linear,ernie,40,10,-0.013,0.703,14.0,29.41176470588235
data_31_linear,linear,gatortron,40,10,0.095,0.766,14.0,29.41176470588235
data_31_linear,linear,roberta,40,10,-0.039,0.728,14.0,29.41176470588235
data_31_linear,linear,t5,40,10,-0.037,0.709,14.0,29.41176470588235
data_31_linear,linear,e5_small,40,10,-0.127,0.623,14.0,29.41176470588235
data_31_linear,linear,minilm,40,10,0.015,0.747,14.0,29.41176470588235
data_57_linear,linear,bert,40,10,0.048,0.722,24.0,18.51851851851852
data_57_linear,linear,ernie,40,10,0.208,0.743,24.0,18.51851851851852
data_57_linear,linear,gatortron,40,10,0.176,0.768,24.0,18.51851851851852
data_57_linear,linear,roberta,40,10,0.126,0.752,24.0,18.51851851851852
data_57_linear,linear,t5,40,10,0.251,0.785,24.0,18.51851851851852
data_57_linear,linear,e5_small,40,10,0.178,0.703,24.0,18.51851851851852
data_57_linear,linear,minilm,40,10,0.176,0.775,24.0,18.51851851851852
data_70_linear,linear,bert,40,10,0.082,0.723,30.0,15.151515151515152
data_70_linear,linear,ernie,40,10,0.083,0.719,30.0,15.151515151515152
data_70_linear,linear,gatortron,40,10,-0.016,0.685,30.0,15.151515151515152
data_70_linear,linear,roberta,40,10,-0.013,0.691,30.0,15.151515151515152
data_70_linear,linear,t5,40,10,-0.023,0.688,30.0,15.151515151515152
data_70_linear,linear,e5_small,40,10,-0.024,0.652,30.0,15.151515151515152
data_70_linear,linear,minilm,40,10,0.066,0.74,30.0,15.151515151515152
data_98_cubic,cubic,bert,40,10,-0.045,0.742,40.0,11.627906976744185
data_98_cubic,cubic,ernie,40,10,-0.036,0.716,40.0,11.627906976744185
data_98_cubic,cubic,gatortron,40,10,-0.047,0.722,40.0,11.627906976744185
data_98_cubic,cubic,roberta,40,10,-0.005,0.733,40.0,11.627906976744185
data_98_cubic,cubic,t5,40,10,0.006,0.754,40.0,11.627906976744185
data_98_cubic,cubic,e5_small,40,10,0.019,0.712,40.0,11.627906976744185
data_98_cubic,cubic,minilm,40,10,0.147,0.802,40.0,11.627906976744185
data_23_cubic,cubic,bert,40,10,0.087,0.759,10.0,38.46153846153846
data_23_cubic,cubic,ernie,40,10,-0.021,0.71,10.0,38.46153846153846
data_23_cubic,cubic,gatortron,40,10,0.079,0.748,10.0,38.46153846153846
data_23_cubic,cubic,roberta,40,10,0.058,0.761,10.0,38.46153846153846
data_23_cubic,cubic,t5,40,10,0.116,0.737,10.0,38.46153846153846
data_23_cubic,cubic,e5_small,40,10,0.076,0.68,10.0,38.46153846153846
data_23_cubic,cubic,minilm,40,10,0.195,0.787,10.0,38.46153846153846
data_27_exponential,exponential,bert,40,10,0.143,0.751,12.0,33.333333333333336
data_27_exponential,exponential,ernie,40,10,0.101,0.728,12.0,33.333333333333336
data_27_exponential,exponential,gatortron,40,10,0.092,0.736,12.0,33.333333333333336
data_27_exponential,exponential,roberta,40,10,0.172,0.743,12.0,33.333333333333336
data_27_exponential,exponential,t5,40,10,0.13,0.738,12.0,33.333333333333336
data_27_exponential,exponential,e5_small,40,10,-0.119,0.621,12.0,33.333333333333336
data_27_exponential,exponential,minilm,40,10,0.083,0.736,12.0,33.333333333333336
data_61_exponential,exponential,bert,40,10,0.116,0.721,26.0,17.24137931034483
data_61_exponential,exponential,ernie,40,10,0.128,0.72,26.0,17.24137931034483
data_61_exponential,exponential,gatortron,40,10,-0.087,0.677,26.0,17.24137931034483
data_61_exponential,exponential,roberta,40,10,0.238,0.767,26.0,17.24137931034483
data_61_exponential,exponential,t5,40,10,0.033,0.702,26.0,17.24137931034483
data_61_exponential,exponential,e5_small,40,10,0.066,0.685,26.0,17.24137931034483
data_61_exponential,exponential,minilm,40,10,-0.131,0.691,26.0,17.24137931034483
data_46_linear,linear,bert,40,10,-0.096,0.67,20.0,21.73913043478261
data_46_linear,linear,ernie,40,10,-0.053,0.688,20.0,21.73913043478261
data_46_linear,linear,gatortron,40,10,0.044,0.707,20.0,21.73913043478261
data_46_linear,linear,roberta,40,10,0.023,0.733,20.0,21.73913043478261
data_46_linear,linear,t5,40,10,0.157,0.736,20.0,21.73913043478261
data_46_linear,linear,e5_small,40,10,-0.049,0.65,20.0,21.73913043478261
data_46_linear,linear,minilm,40,10,0.042,0.739,20.0,21.73913043478261
data_73_cubic,cubic,bert,40,10,-0.227,0.692,30.0,15.151515151515152
data_73_cubic,cubic,ernie,40,10,0.02,0.743,30.0,15.151515151515152
data_73_cubic,cubic,gatortron,40,10,-0.208,0.701,30.0,15.151515151515152
data_73_cubic,cubic,roberta,40,10,-0.08,0.732,30.0,15.151515151515152
data_73_cubic,cubic,t5,40,10,-0.08,0.702,30.0,15.151515151515152
data_73_cubic,cubic,e5_small,40,10,-0.031,0.689,30.0,15.151515151515152
data_73_cubic,cubic,minilm,40,10,-0.061,0.748,30.0,15.151515151515152
data_53_quadratic,quadratic,bert,40,10,-0.038,0.697,22.0,20.0
data_53_quadratic,quadratic,ernie,40,10,0.035,0.724,22.0,20.0
data_53_quadratic,quadratic,gatortron,40,10,0.071,0.727,22.0,20.0
data_53_quadratic,quadratic,roberta,40,10,0.037,0.724,22.0,20.0
data_53_quadratic,quadratic,t5,40,10,0.097,0.724,22.0,20.0
data_53_quadratic,quadratic,e5_small,40,10,0.179,0.699,22.0,20.0
data_53_quadratic,quadratic,minilm,40,10,-0.01,0.722,22.0,20.0
data_37_linear,linear,bert,40,10,0.153,0.766,16.0,26.31578947368421
data_37_linear,linear,ernie,40,10,0.137,0.731,16.0,26.31578947368421
data_37_linear,linear,gatortron,40,10,0.111,0.745,16.0,26.31578947368421
data_37_linear,linear,roberta,40,10,0.045,0.73,16.0,26.31578947368421
data_37_linear,linear,t5,40,10,0.058,0.732,16.0,26.31578947368421
data_37_linear,linear,e5_small,40,10,0.006,0.658,16.0,26.31578947368421
data_37_linear,linear,minilm,40,10,0.006,0.733,16.0,26.31578947368421
data_54_quadratic,quadratic,bert,40,10,0.121,0.75,22.0,20.0
data_54_quadratic,quadratic,ernie,40,10,-0.066,0.684,22.0,20.0
data_54_quadratic,quadratic,gatortron,40,10,0.124,0.762,22.0,20.0
data_54_quadratic,quadratic,roberta,40,10,0.054,0.719,22.0,20.0
data_54_quadratic,quadratic,t5,40,10,0.109,0.722,22.0,20.0
data_54_quadratic,quadratic,e5_small,40,10,0.122,0.688,22.0,20.0
data_54_quadratic,quadratic,minilm,40,10,0.152,0.77,22.0,20.0
data_20_quadratic,quadratic,bert,40,10,0.019,0.743,10.0,38.46153846153846
data_20_quadratic,quadratic,ernie,40,10,0.008,0.716,10.0,38.46153846153846
data_20_quadratic,quadratic,gatortron,40,10,-0.051,0.699,10.0,38.46153846153846
data_20_quadratic,quadratic,roberta,40,10,0.033,0.733,10.0,38.46153846153846
data_20_quadratic,quadratic,t5,40,10,0.067,0.738,10.0,38.46153846153846
data_20_quadratic,quadratic,e5_small,40,10,0.225,0.729,10.0,38.46153846153846
data_20_quadratic,quadratic,minilm,40,10,0.119,0.766,10.0,38.46153846153846
data_78_quadratic,quadratic,bert,40,10,-0.021,0.744,32.0,14.285714285714286
data_78_quadratic,quadratic,ernie,40,10,0.051,0.726,32.0,14.285714285714286
data_78_quadratic,quadratic,gatortron,40,10,0.076,0.728,32.0,14.285714285714286
data_78_quadratic,quadratic,roberta,40,10,0.054,0.78,32.0,14.285714285714286
data_78_quadratic,quadratic,t5,40,10,-0.012,0.739,32.0,14.285714285714286
data_78_quadratic,quadratic,e5_small,40,10,0.063,0.715,32.0,14.285714285714286
data_78_quadratic,quadratic,minilm,40,10,0.096,0.766,32.0,14.285714285714286
data_82_quadratic,quadratic,bert,40,10,-0.035,0.729,34.0,13.513513513513514
data_82_quadratic,quadratic,ernie,40,10,0.02,0.701,34.0,13.513513513513514
data_82_quadratic,quadratic,gatortron,40,10,0.066,0.731,34.0,13.513513513513514
data_82_quadratic,quadratic,roberta,40,10,0.046,0.739,34.0,13.513513513513514
data_82_quadratic,quadratic,t5,40,10,-0.01,0.708,34.0,13.513513513513514
data_82_quadratic,quadratic,e5_small,40,10,-0.043,0.681,34.0,13.513513513513514
data_82_quadratic,quadratic,minilm,40,10,0.014,0.727,34.0,13.513513513513514
data_19_linear,linear,bert,40,10,0.107,0.774,8.0,45.45454545454545
data_19_linear,linear,ernie,40,10,0.157,0.788,8.0,45.45454545454545
data_19_linear,linear,gatortron,40,10,0.335,0.808,8.0,45.45454545454545
data_19_linear,linear,roberta,40,10,0.06,0.757,8.0,45.45454545454545
data_19_linear,linear,t5,40,10,0.167,0.746,8.0,45.45454545454545
data_19_linear,linear,e5_small,40,10,0.187,0.723,8.0,45.45454545454545
data_19_linear,linear,minilm,40,10,0.098,0.777,8.0,45.45454545454545
data_4_quadratic,quadratic,bert,40,10,-0.161,0.758,2.0,100.0
data_4_quadratic,quadratic,ernie,40,10,-0.028,0.755,2.0,100.0
data_4_quadratic,quadratic,gatortron,40,10,0.067,0.788,2.0,100.0
data_4_quadratic,quadratic,roberta,40,10,-0.013,0.79,2.0,100.0
data_4_quadratic,quadratic,t5,40,10,-0.213,0.693,2.0,100.0
data_4_quadratic,quadratic,e5_small,40,10,-0.058,0.738,2.0,100.0
data_4_quadratic,quadratic,minilm,40,10,0.003,0.755,2.0,100.0
data_8_quadratic,quadratic,bert,40,10,0.165,0.812,4.0,71.42857142857143
data_8_quadratic,quadratic,ernie,40,10,0.069,0.766,4.0,71.42857142857143
data_8_quadratic,quadratic,gatortron,40,10,0.114,0.79,4.0,71.42857142857143
data_8_quadratic,quadratic,roberta,40,10,0.109,0.797,4.0,71.42857142857143
data_8_quadratic,quadratic,t5,40,10,0.037,0.737,4.0,71.42857142857143
data_8_quadratic,quadratic,e5_small,40,10,0.062,0.741,4.0,71.42857142857143
data_8_quadratic,quadratic,minilm,40,10,0.064,0.746,4.0,71.42857142857143
data_36_cubic,cubic,bert,40,10,-0.035,0.723,16.0,26.31578947368421
data_36_cubic,cubic,ernie,40,10,0.032,0.736,16.0,26.31578947368421
data_36_cubic,cubic,gatortron,40,10,0.014,0.752,16.0,26.31578947368421
data_36_cubic,cubic,roberta,40,10,-0.015,0.742,16.0,26.31578947368421
data_36_cubic,cubic,t5,40,10,-0.148,0.701,16.0,26.31578947368421
data_36_cubic,cubic,e5_small,40,10,-0.047,0.685,16.0,26.31578947368421
data_36_cubic,cubic,minilm,40,10,-0.01,0.746,16.0,26.31578947368421
data_24_exponential,exponential,bert,40,10,-0.011,0.717,10.0,38.46153846153846
data_24_exponential,exponential,ernie,40,10,-0.065,0.691,10.0,38.46153846153846
data_24_exponential,exponential,gatortron,40,10,-0.084,0.694,10.0,38.46153846153846
data_24_exponential,exponential,roberta,40,10,-0.018,0.714,10.0,38.46153846153846
data_24_exponential,exponential,t5,40,10,0.018,0.688,10.0,38.46153846153846
data_24_exponential,exponential,e5_small,40,10,-0.057,0.633,10.0,38.46153846153846
data_24_exponential,exponential,minilm,40,10,0.073,0.726,10.0,38.46153846153846
data_39_quadratic,quadratic,bert,40,10,0.05,0.74,16.0,26.31578947368421
data_39_quadratic,quadratic,ernie,40,10,0.105,0.741,16.0,26.31578947368421
data_39_quadratic,quadratic,gatortron,40,10,-0.007,0.743,16.0,26.31578947368421
data_39_quadratic,quadratic,roberta,40,10,-0.163,0.695,16.0,26.31578947368421
data_39_quadratic,quadratic,t5,40,10,-0.025,0.712,16.0,26.31578947368421
data_39_quadratic,quadratic,e5_small,40,10,-0.032,0.653,16.0,26.31578947368421
data_39_quadratic,quadratic,minilm,40,10,0.104,0.763,16.0,26.31578947368421
data_60_cubic,cubic,bert,40,10,-0.003,0.721,26.0,17.24137931034483
data_60_cubic,cubic,ernie,40,10,-0.059,0.694,26.0,17.24137931034483
data_60_cubic,cubic,gatortron,40,10,-0.037,0.725,26.0,17.24137931034483
data_60_cubic,cubic,roberta,40,10,-0.099,0.704,26.0,17.24137931034483
data_60_cubic,cubic,t5,40,10,-0.007,0.714,26.0,17.24137931034483
data_60_cubic,cubic,e5_small,40,10,-0.045,0.663,26.0,17.24137931034483
data_60_cubic,cubic,minilm,40,10,-0.022,0.737,26.0,17.24137931034483
data_1_quadratic,quadratic,bert,40,10,-0.059,0.776,2.0,100.0
data_1_quadratic,quadratic,ernie,40,10,-0.035,0.74,2.0,100.0
data_1_quadratic,quadratic,gatortron,40,10,0.043,0.791,2.0,100.0
data_1_quadratic,quadratic,roberta,40,10,-0.102,0.769,2.0,100.0
data_1_quadratic,quadratic,t5,40,10,0.068,0.742,2.0,100.0
data_1_quadratic,quadratic,e5_small,40,10,0.013,0.742,2.0,100.0
data_1_quadratic,quadratic,minilm,40,10,0.103,0.766,2.0,100.0
data_41_exponential,exponential,bert,40,10,0.169,0.746,18.0,23.80952380952381
data_41_exponential,exponential,ernie,40,10,0.012,0.708,18.0,23.80952380952381
data_41_exponential,exponential,gatortron,40,10,-0.033,0.682,18.0,23.80952380952381
data_41_exponential,exponential,roberta,40,10,-0.057,0.677,18.0,23.80952380952381
data_41_exponential,exponential,t5,40,10,0.085,0.706,18.0,23.80952380952381
data_41_exponential,exponential,e5_small,40,10,0.152,0.672,18.0,23.80952380952381
data_41_exponential,exponential,minilm,40,10,0.103,0.741,18.0,23.80952380952381
data_32_linear,linear,bert,40,10,0.058,0.729,14.0,29.41176470588235
data_32_linear,linear,ernie,40,10,-0.108,0.655,14.0,29.41176470588235
data_32_linear,linear,gatortron,40,10,0.041,0.71,14.0,29.41176470588235
data_32_linear,linear,roberta,40,10,0.155,0.75,14.0,29.41176470588235
data_32_linear,linear,t5,40,10,-0.069,0.671,14.0,29.41176470588235
data_32_linear,linear,e5_small,40,10,0.022,0.66,14.0,29.41176470588235
data_32_linear,linear,minilm,40,10,-0.035,0.706,14.0,29.41176470588235
data_66_linear,linear,bert,40,10,0.173,0.757,28.0,16.129032258064516
data_66_linear,linear,ernie,40,10,0.175,0.726,28.0,16.129032258064516
data_66_linear,linear,gatortron,40,10,-0.128,0.676,28.0,16.129032258064516
data_66_linear,linear,roberta,40,10,0.039,0.72,28.0,16.129032258064516
data_66_linear,linear,t5,40,10,0.09,0.734,28.0,16.129032258064516
data_66_linear,linear,e5_small,40,10,0.222,0.742,28.0,16.129032258064516
data_66_linear,linear,minilm,40,10,0.091,0.725,28.0,16.129032258064516
data_49_linear,linear,bert,40,10,-0.006,0.726,20.0,21.73913043478261
data_49_linear,linear,ernie,40,10,-0.041,0.711,20.0,21.73913043478261
data_49_linear,linear,gatortron,40,10,-0.065,0.717,20.0,21.73913043478261
data_49_linear,linear,roberta,40,10,-0.063,0.731,20.0,21.73913043478261
data_49_linear,linear,t5,40,10,-0.077,0.708,20.0,21.73913043478261
data_49_linear,linear,e5_small,40,10,0.071,0.687,20.0,21.73913043478261
data_56_linear,linear,bert,40,10,0.132,0.762,24.0,18.51851851851852
data_56_linear,linear,ernie,40,10,0.107,0.733,24.0,18.51851851851852
data_56_linear,linear,gatortron,40,10,0.125,0.745,24.0,18.51851851851852
data_56_linear,linear,roberta,40,10,0.05,0.746,24.0,18.51851851851852
data_56_linear,linear,t5,40,10,0.057,0.723,24.0,18.51851851851852
data_56_linear,linear,e5_small,40,10,0.053,0.687,24.0,18.51851851851852
data_56_linear,linear,minilm,40,10,0.148,0.771,24.0,18.51851851851852
data_63_exponential,exponential,bert,40,10,0.142,0.757,26.0,17.24137931034483
data_63_exponential,exponential,ernie,40,10,0.156,0.757,26.0,17.24137931034483
data_63_exponential,exponential,gatortron,40,10,0.142,0.761,26.0,17.24137931034483
data_63_exponential,exponential,roberta,40,10,0.016,0.712,26.0,17.24137931034483
data_63_exponential,exponential,t5,40,10,0.005,0.692,26.0,17.24137931034483
data_63_exponential,exponential,e5_small,40,10,0.119,0.692,26.0,17.24137931034483
data_63_exponential,exponential,minilm,40,10,0.17,0.77,26.0,17.24137931034483
data_80_cubic,cubic,bert,40,10,-0.043,0.788,34.0,13.513513513513514
data_80_cubic,cubic,ernie,40,10,-0.102,0.728,34.0,13.513513513513514
data_80_cubic,cubic,gatortron,40,10,0.107,0.786,34.0,13.513513513513514
data_80_cubic,cubic,roberta,40,10,-0.059,0.778,34.0,13.513513513513514
data_80_cubic,cubic,t5,40,10,-0.028,0.759,34.0,13.513513513513514
data_80_cubic,cubic,e5_small,40,10,0.126,0.792,34.0,13.513513513513514
data_12_exponential,exponential,bert,40,10,0.026,0.736,6.0,55.55555555555556
data_12_exponential,exponential,ernie,40,10,0.12,0.753,6.0,55.55555555555556
data_12_exponential,exponential,gatortron,40,10,0.047,0.732,6.0,55.55555555555556
data_12_exponential,exponential,roberta,40,10,0.127,0.749,6.0,55.55555555555556
data_12_exponential,exponential,t5,40,10,0.177,0.759,6.0,55.55555555555556
data_12_exponential,exponential,e5_small,40,10,-0.075,0.674,6.0,55.55555555555556
data_12_exponential,exponential,minilm,40,10,-0.046,0.701,6.0,55.55555555555556
data_3_quadratic,quadratic,bert,40,10,-0.045,0.777,2.0,100.0
data_3_quadratic,quadratic,ernie,40,10,-0.06,0.731,2.0,100.0
data_3_quadratic,quadratic,gatortron,40,10,0.02,0.774,2.0,100.0
data_3_quadratic,quadratic,roberta,40,10,0.081,0.796,2.0,100.0
data_3_quadratic,quadratic,t5,40,10,-0.125,0.702,2.0,100.0
data_3_quadratic,quadratic,e5_small,40,10,0.162,0.782,2.0,100.0
data_3_quadratic,quadratic,minilm,40,10,0.087,0.717,2.0,100.0
data_64_exponential,exponential,bert,40,10,-0.044,0.701,26.0,17.24137931034483
data_64_exponential,exponential,ernie,40,10,0.059,0.709,26.0,17.24137931034483
data_64_exponential,exponential,gatortron,40,10,-0.092,0.625,26.0,17.24137931034483
data_64_exponential,exponential,roberta,40,10,0.115,0.73,26.0,17.24137931034483
data_64_exponential,exponential,t5,40,10,0.106,0.728,26.0,17.24137931034483
data_64_exponential,exponential,e5_small,40,10,-0.047,0.631,26.0,17.24137931034483
data_64_exponential,exponential,minilm,40,10,0.017,0.727,26.0,17.24137931034483
data_35_cubic,cubic,bert,40,10,0.175,0.77,16.0,26.31578947368421
data_35_cubic,cubic,ernie,40,10,0.036,0.736,16.0,26.31578947368421
data_35_cubic,cubic,gatortron,40,10,0.047,0.753,16.0,26.31578947368421
data_35_cubic,cubic,roberta,40,10,0.021,0.737,16.0,26.31578947368421
data_35_cubic,cubic,t5,40,10,0.008,0.712,16.0,26.31578947368421
data_35_cubic,cubic,e5_small,40,10,0.019,0.669,16.0,26.31578947368421
data_35_cubic,cubic,minilm,40,10,-0.029,0.744,16.0,26.31578947368421
data_6_linear,linear,bert,40,10,0.128,0.784,4.0,71.42857142857143
data_6_linear,linear,ernie,40,10,0.079,0.752,4.0,71.42857142857143
data_6_linear,linear,gatortron,40,10,0.026,0.743,4.0,71.42857142857143
data_6_linear,linear,roberta,40,10,-0.16,0.716,4.0,71.42857142857143
data_6_linear,linear,t5,40,10,-0.046,0.724,4.0,71.42857142857143
data_6_linear,linear,e5_small,40,10,-0.067,0.697,4.0,71.42857142857143
data_6_linear,linear,minilm,40,10,-0.022,0.716,4.0,71.42857142857143
data_93_exponential,exponential,bert,40,10,0.137,0.747,38.0,12.195121951219512
data_93_exponential,exponential,ernie,40,10,0.16,0.718,38.0,12.195121951219512
data_93_exponential,exponential,gatortron,40,10,0.167,0.717,38.0,12.195121951219512
data_93_exponential,exponential,roberta,40,10,0.088,0.733,38.0,12.195121951219512
data_93_exponential,exponential,t5,40,10,0.283,0.769,38.0,12.195121951219512
data_93_exponential,exponential,e5_small,40,10,0.285,0.773,38.0,12.195121951219512
data_93_exponential,exponential,minilm,40,10,0.019,0.708,38.0,12.195121951219512
data_29_linear,linear,bert,40,10,-0.011,0.738,12.0,33.333333333333336
data_29_linear,linear,ernie,40,10,-0.084,0.709,12.0,33.333333333333336
data_29_linear,linear,gatortron,40,10,-0.002,0.736,12.0,33.333333333333336
data_29_linear,linear,roberta,40,10,0.077,0.76,12.0,33.333333333333336
data_29_linear,linear,t5,40,10,-0.126,0.69,12.0,33.333333333333336
data_29_linear,linear,e5_small,40,10,0.072,0.69,12.0,33.333333333333336
data_29_linear,linear,minilm,40,10,0.068,0.762,12.0,33.333333333333336
data_76_cubic,cubic,bert,40,10,0.025,0.789,32.0,14.285714285714286
data_76_cubic,cubic,ernie,40,10,-0.132,0.732,32.0,14.285714285714286
data_76_cubic,cubic,gatortron,40,10,0.119,0.779,32.0,14.285714285714286
data_76_cubic,cubic,roberta,40,10,0.031,0.778,32.0,14.285714285714286
data_76_cubic,cubic,t5,40,10,-0.0,0.756,32.0,14.285714285714286
data_76_cubic,cubic,e5_small,40,10,0.014,0.735,32.0,14.285714285714286
data_76_cubic,cubic,minilm,40,10,-0.097,0.758,32.0,14.285714285714286
data_50_exponential,exponential,bert,40,10,-0.118,0.68,22.0,20.0
data_50_exponential,exponential,ernie,40,10,-0.153,0.635,22.0,20.0
data_50_exponential,exponential,gatortron,40,10,0.058,0.669,22.0,20.0
data_50_exponential,exponential,roberta,40,10,-0.055,0.701,22.0,20.0
data_50_exponential,exponential,t5,40,10,0.045,0.709,22.0,20.0
data_50_exponential,exponential,e5_small,40,10,-0.079,0.641,22.0,20.0
data_50_exponential,exponential,minilm,40,10,-0.133,0.678,22.0,20.0
data_9_exponential,exponential,bert,40,10,0.037,0.723,4.0,71.42857142857143
data_9_exponential,exponential,ernie,40,10,0.1,0.755,4.0,71.42857142857143
data_9_exponential,exponential,gatortron,40,10,0.032,0.735,4.0,71.42857142857143
data_9_exponential,exponential,roberta,40,10,0.062,0.745,4.0,71.42857142857143
data_9_exponential,exponential,t5,40,10,-0.059,0.67,4.0,71.42857142857143
data_9_exponential,exponential,e5_small,40,10,-0.036,0.666,4.0,71.42857142857143
data_9_exponential,exponential,minilm,40,10,0.014,0.722,4.0,71.42857142857143
data_59_quadratic,quadratic,bert,40,10,0.004,0.73,24.0,18.51851851851852
data_59_quadratic,quadratic,ernie,40,10,0.058,0.715,24.0,18.51851851851852
data_59_quadratic,quadratic,gatortron,40,10,-0.007,0.72,24.0,18.51851851851852
data_59_quadratic,quadratic,roberta,40,10,-0.09,0.675,24.0,18.51851851851852
data_59_quadratic,quadratic,t5,40,10,-0.08,0.693,24.0,18.51851851851852
data_59_quadratic,quadratic,e5_small,40,10,0.055,0.682,24.0,18.51851851851852
data_59_quadratic,quadratic,minilm,40,10,0.036,0.741,24.0,18.51851851851852
data_97_quadratic,quadratic,bert,40,10,0.028,0.746,40.0,11.627906976744185
data_97_quadratic,quadratic,ernie,40,10,0.172,0.769,40.0,11.627906976744185
data_97_quadratic,quadratic,gatortron,40,10,0.259,0.772,40.0,11.627906976744185
data_97_quadratic,quadratic,roberta,40,10,0.057,0.743,40.0,11.627906976744185
data_97_quadratic,quadratic,t5,40,10,0.048,0.703,40.0,11.627906976744185
data_97_quadratic,quadratic,e5_small,40,10,0.185,0.73,40.0,11.627906976744185
data_97_quadratic,quadratic,minilm,40,10,0.034,0.739,40.0,11.627906976744185
data_45_cubic,cubic,bert,40,10,-0.124,0.708,20.0,21.73913043478261
data_45_cubic,cubic,ernie,40,10,0.003,0.723,20.0,21.73913043478261
data_45_cubic,cubic,gatortron,40,10,0.102,0.763,20.0,21.73913043478261
data_45_cubic,cubic,roberta,40,10,0.023,0.768,20.0,21.73913043478261
data_45_cubic,cubic,t5,40,10,-0.163,0.684,20.0,21.73913043478261
data_45_cubic,cubic,e5_small,40,10,0.042,0.675,20.0,21.73913043478261
data_45_cubic,cubic,minilm,40,10,-0.075,0.732,20.0,21.73913043478261
data_18_quadratic,quadratic,bert,40,10,-0.063,0.753,8.0,45.45454545454545
data_18_quadratic,quadratic,ernie,40,10,0.016,0.754,8.0,45.45454545454545
data_18_quadratic,quadratic,gatortron,40,10,-0.204,0.707,8.0,45.45454545454545
data_18_quadratic,quadratic,roberta,40,10,-0.003,0.756,8.0,45.45454545454545
data_18_quadratic,quadratic,t5,40,10,-0.131,0.71,8.0,45.45454545454545
data_18_quadratic,quadratic,e5_small,40,10,0.113,0.731,8.0,45.45454545454545
data_18_quadratic,quadratic,minilm,40,10,0.013,0.764,8.0,45.45454545454545
data_69_linear,linear,bert,40,10,0.052,0.727,28.0,16.129032258064516
data_69_linear,linear,ernie,40,10,-0.052,0.702,28.0,16.129032258064516
data_69_linear,linear,gatortron,40,10,-0.12,0.667,28.0,16.129032258064516
data_69_linear,linear,roberta,40,10,0.006,0.727,28.0,16.129032258064516
data_69_linear,linear,t5,40,10,-0.053,0.683,28.0,16.129032258064516
data_69_linear,linear,e5_small,40,10,-0.118,0.619,28.0,16.129032258064516
data_69_linear,linear,minilm,40,10,-0.125,0.696,28.0,16.129032258064516
data_67_linear,linear,bert,40,10,0.013,0.733,28.0,16.129032258064516
data_67_linear,linear,ernie,40,10,0.055,0.717,28.0,16.129032258064516
data_67_linear,linear,gatortron,40,10,0.108,0.749,28.0,16.129032258064516
data_67_linear,linear,roberta,40,10,-0.001,0.725,28.0,16.129032258064516
data_67_linear,linear,t5,40,10,0.013,0.705,28.0,16.129032258064516
data_67_linear,linear,e5_small,40,10,-0.036,0.675,28.0,16.129032258064516
data_67_linear,linear,minilm,40,10,0.029,0.725,28.0,16.129032258064516
data_58_quadratic,quadratic,bert,40,10,0.019,0.728,24.0,18.51851851851852
data_58_quadratic,quadratic,ernie,40,10,-0.165,0.651,24.0,18.51851851851852
data_58_quadratic,quadratic,gatortron,40,10,0.109,0.738,24.0,18.51851851851852
data_58_quadratic,quadratic,roberta,40,10,0.175,0.759,24.0,18.51851851851852
data_58_quadratic,quadratic,t5,40,10,-0.019,0.703,24.0,18.51851851851852
data_58_quadratic,quadratic,e5_small,40,10,0.107,0.696,24.0,18.51851851851852
data_58_quadratic,quadratic,minilm,40,10,0.072,0.748,24.0,18.51851851851852
data_95_quadratic,quadratic,bert,40,10,0.018,0.73,40.0,11.627906976744185
data_95_quadratic,quadratic,ernie,40,10,-0.151,0.661,40.0,11.627906976744185
data_95_quadratic,quadratic,gatortron,40,10,-0.047,0.679,40.0,11.627906976744185
data_95_quadratic,quadratic,roberta,40,10,0.086,0.729,40.0,11.627906976744185
data_95_quadratic,quadratic,t5,40,10,-0.071,0.682,40.0,11.627906976744185
data_95_quadratic,quadratic,e5_small,40,10,0.201,0.731,40.0,11.627906976744185
data_95_quadratic,quadratic,minilm,40,10,-0.021,0.701,40.0,11.627906976744185
data_11_exponential,exponential,bert,40,10,0.086,0.76,6.0,55.55555555555556
data_11_exponential,exponential,ernie,40,10,0.064,0.742,6.0,55.55555555555556
data_11_exponential,exponential,gatortron,40,10,0.101,0.751,6.0,55.55555555555556
data_11_exponential,exponential,roberta,40,10,0.05,0.757,6.0,55.55555555555556
data_11_exponential,exponential,t5,40,10,0.108,0.743,6.0,55.55555555555556
data_11_exponential,exponential,e5_small,40,10,0.24,0.755,6.0,55.55555555555556
data_11_exponential,exponential,minilm,40,10,0.065,0.741,6.0,55.55555555555556
data_87_quadratic,quadratic,bert,40,10,0.191,0.763,36.0,12.820512820512821
data_87_quadratic,quadratic,ernie,40,10,0.057,0.735,36.0,12.820512820512821
data_87_quadratic,quadratic,gatortron,40,10,0.187,0.757,36.0,12.820512820512821
data_87_quadratic,quadratic,roberta,40,10,-0.057,0.697,36.0,12.820512820512821
data_87_quadratic,quadratic,t5,40,10,0.197,0.768,36.0,12.820512820512821
data_87_quadratic,quadratic,e5_small,40,10,0.146,0.738,36.0,12.820512820512821
data_87_quadratic,quadratic,minilm,40,10,0.007,0.743,36.0,12.820512820512821
data_2_linear,linear,bert,40,10,0.088,0.781,2.0,100.0
data_2_linear,linear,ernie,40,10,0.158,0.766,2.0,100.0
data_2_linear,linear,gatortron,40,10,0.034,0.75,2.0,100.0
data_2_linear,linear,roberta,40,10,0.102,0.775,2.0,100.0
data_2_linear,linear,t5,40,10,0.063,0.717,2.0,100.0
data_2_linear,linear,e5_small,40,10,0.047,0.757,2.0,100.0
data_2_linear,linear,minilm,40,10,0.112,0.728,2.0,100.0
data_47_cubic,cubic,bert,40,10,-0.024,0.763,20.0,21.73913043478261
data_47_cubic,cubic,ernie,40,10,0.121,0.766,20.0,21.73913043478261
data_47_cubic,cubic,gatortron,40,10,0.049,0.793,20.0,21.73913043478261
data_47_cubic,cubic,roberta,40,10,0.145,0.813,20.0,21.73913043478261
data_47_cubic,cubic,t5,40,10,0.007,0.756,20.0,21.73913043478261
data_47_cubic,cubic,e5_small,40,10,0.225,0.767,20.0,21.73913043478261
data_47_cubic,cubic,minilm,40,10,0.089,0.803,20.0,21.73913043478261
data_75_exponential,exponential,bert,40,10,-0.076,0.697,32.0,14.285714285714286
data_75_exponential,exponential,ernie,40,10,0.021,0.679,32.0,14.285714285714286
data_75_exponential,exponential,gatortron,40,10,0.005,0.691,32.0,14.285714285714286
data_75_exponential,exponential,roberta,40,10,-0.124,0.649,32.0,14.285714285714286
data_75_exponential,exponential,t5,40,10,-0.059,0.678,32.0,14.285714285714286
data_75_exponential,exponential,e5_small,40,10,0.096,0.708,32.0,14.285714285714286
data_75_exponential,exponential,minilm,40,10,-0.022,0.707,32.0,14.285714285714286
data_83_exponential,exponential,bert,40,10,0.035,0.701,34.0,13.513513513513514
data_83_exponential,exponential,ernie,40,10,0.055,0.7,34.0,13.513513513513514
data_83_exponential,exponential,gatortron,40,10,0.06,0.687,34.0,13.513513513513514
data_83_exponential,exponential,roberta,40,10,0.053,0.708,34.0,13.513513513513514
data_83_exponential,exponential,t5,40,10,-0.012,0.652,34.0,13.513513513513514
data_83_exponential,exponential,e5_small,40,10,-0.111,0.634,34.0,13.513513513513514
data_83_exponential,exponential,minilm,40,10,-0.006,0.691,34.0,13.513513513513514
data_99_exponential,exponential,bert,40,10,-0.11,0.652,40.0,11.627906976744185
data_99_exponential,exponential,ernie,40,10,0.058,0.662,40.0,11.627906976744185
data_99_exponential,exponential,gatortron,40,10,0.134,0.708,40.0,11.627906976744185
data_99_exponential,exponential,roberta,40,10,-0.163,0.637,40.0,11.627906976744185
data_99_exponential,exponential,t5,40,10,-0.098,0.633,40.0,11.627906976744185
data_99_exponential,exponential,e5_small,40,10,-0.139,0.573,40.0,11.627906976744185
data_99_exponential,exponential,minilm,40,10,0.056,0.685,40.0,11.627906976744185
data_7_cubic,cubic,bert,40,10,0.12,0.756,4.0,71.42857142857143
data_7_cubic,cubic,ernie,40,10,-0.036,0.706,4.0,71.42857142857143
data_7_cubic,cubic,gatortron,40,10,-0.085,0.714,4.0,71.42857142857143
data_7_cubic,cubic,roberta,40,10,0.071,0.738,4.0,71.42857142857143
data_7_cubic,cubic,t5,40,10,-0.079,0.667,4.0,71.42857142857143
data_7_cubic,cubic,e5_small,40,10,0.018,0.672,4.0,71.42857142857143
data_7_cubic,cubic,minilm,40,10,-0.029,0.683,4.0,71.42857142857143
data_15_quadratic,quadratic,bert,40,10,0.013,0.742,8.0,45.45454545454545
data_15_quadratic,quadratic,ernie,40,10,-0.143,0.699,8.0,45.45454545454545
data_15_quadratic,quadratic,gatortron,40,10,0.062,0.755,8.0,45.45454545454545
data_15_quadratic,quadratic,roberta,40,10,-0.06,0.72,8.0,45.45454545454545
data_15_quadratic,quadratic,t5,40,10,-0.004,0.718,8.0,45.45454545454545
data_15_quadratic,quadratic,e5_small,40,10,-0.065,0.668,8.0,45.45454545454545
data_15_quadratic,quadratic,minilm,40,10,-0.195,0.688,8.0,45.45454545454545
data_71_cubic,cubic,bert,40,10,0.013,0.782,30.0,15.151515151515152
data_71_cubic,cubic,ernie,40,10,0.113,0.765,30.0,15.151515151515152
data_71_cubic,cubic,gatortron,40,10,-0.095,0.732,30.0,15.151515151515152
data_71_cubic,cubic,roberta,40,10,-0.019,0.782,30.0,15.151515151515152
data_71_cubic,cubic,t5,40,10,-0.117,0.706,30.0,15.151515151515152
data_71_cubic,cubic,e5_small,40,10,-0.117,0.682,30.0,15.151515151515152
data_71_cubic,cubic,minilm,40,10,-0.045,0.763,30.0,15.151515151515152
data_77_cubic,cubic,bert,40,10,0.023,0.74,32.0,14.285714285714286
data_77_cubic,cubic,ernie,40,10,0.017,0.703,32.0,14.285714285714286
data_77_cubic,cubic,gatortron,40,10,0.193,0.745,32.0,14.285714285714286
data_77_cubic,cubic,roberta,40,10,0.004,0.733,32.0,14.285714285714286
data_77_cubic,cubic,t5,40,10,-0.033,0.719,32.0,14.285714285714286
data_77_cubic,cubic,e5_small,40,10,-0.002,0.697,32.0,14.285714285714286
data_77_cubic,cubic,minilm,40,10,0.035,0.736,32.0,14.285714285714286
data_86_linear,linear,bert,40,10,0.087,0.727,36.0,12.820512820512821
data_86_linear,linear,ernie,40,10,0.023,0.681,36.0,12.820512820512821
data_86_linear,linear,gatortron,40,10,0.033,0.719,36.0,12.820512820512821
data_86_linear,linear,roberta,40,10,0.003,0.705,36.0,12.820512820512821
data_86_linear,linear,t5,40,10,-0.045,0.662,36.0,12.820512820512821
data_86_linear,linear,e5_small,40,10,0.038,0.693,36.0,12.820512820512821
data_86_linear,linear,minilm,40,10,-0.12,0.69,36.0,12.820512820512821
data_26_quadratic,quadratic,bert,40,10,-0.091,0.739,12.0,33.333333333333336
data_26_quadratic,quadratic,ernie,40,10,0.157,0.771,12.0,33.333333333333336
data_26_quadratic,quadratic,gatortron,40,10,0.096,0.743,12.0,33.333333333333336
data_26_quadratic,quadratic,roberta,40,10,0.097,0.75,12.0,33.333333333333336
data_26_quadratic,quadratic,t5,40,10,0.149,0.742,12.0,33.333333333333336
data_26_quadratic,quadratic,e5_small,40,10,0.021,0.69,12.0,33.333333333333336
data_26_quadratic,quadratic,minilm,40,10,0.126,0.775,12.0,33.333333333333336
data_28_linear,linear,bert,40,10,0.007,0.718,12.0,33.333333333333336
data_28_linear,linear,ernie,40,10,0.064,0.729,12.0,33.333333333333336
data_28_linear,linear,gatortron,40,10,0.158,0.763,12.0,33.333333333333336
data_28_linear,linear,roberta,40,10,-0.129,0.689,12.0,33.333333333333336
data_28_linear,linear,t5,40,10,-0.077,0.71,12.0,33.333333333333336
data_28_linear,linear,e5_small,40,10,0.181,0.729,12.0,33.333333333333336
data_28_linear,linear,minilm,40,10,0.035,0.724,12.0,33.333333333333336
data_79_quadratic,quadratic,llama,40,10,-0.023,0.713,32.0,14.285714285714286
data_91_linear,linear,llama,40,10,0.044,0.738,38.0,12.195121951219512
data_44_exponential,exponential,llama,40,10,0.144,0.731,18.0,23.80952380952381
data_42_linear,linear,llama,40,10,-0.104,0.648,18.0,23.80952380952381
data_43_linear,linear,llama,40,10,0.055,0.693,18.0,23.80952380952381
data_48_cubic,cubic,llama,40,10,-0.158,0.695,20.0,21.73913043478261
data_13_cubic,cubic,llama,40,10,-0.182,0.615,6.0,55.55555555555556
data_33_quadratic,quadratic,llama,40,10,0.082,0.711,14.0,29.41176470588235
data_84_cubic,cubic,llama,40,10,-0.041,0.76,34.0,13.513513513513514
data_74_linear,linear,llama,40,10,-0.129,0.695,30.0,15.151515151515152
data_40_exponential,exponential,llama,40,10,-0.003,0.68,18.0,23.80952380952381
data_17_exponential,exponential,llama,40,10,0.037,0.659,8.0,45.45454545454545
data_30_cubic,cubic,llama,40,10,0.307,0.753,14.0,29.41176470588235
data_34_cubic,cubic,llama,40,10,0.005,0.695,14.0,29.41176470588235
data_52_cubic,cubic,llama,40,10,-0.21,0.697,22.0,20.0
data_72_linear,linear,llama,40,10,-0.035,0.724,30.0,15.151515151515152
data_89_linear,linear,llama,40,10,-0.043,0.71,36.0,12.820512820512821
data_55_linear,linear,llama,40,10,-0.172,0.679,24.0,18.51851851851852
data_22_quadratic,quadratic,llama,40,10,-0.0,0.696,10.0,38.46153846153846
data_65_exponential,exponential,llama,40,10,-0.027,0.685,28.0,16.129032258064516
data_14_linear,linear,llama,40,10,-0.046,0.674,6.0,55.55555555555556
data_25_exponential,exponential,llama,40,10,-0.05,0.631,12.0,33.333333333333336
data_94_quadratic,quadratic,llama,40,10,-0.116,0.673,38.0,12.195121951219512
data_96_cubic,cubic,llama,40,10,0.08,0.778,40.0,11.627906976744185
data_85_quadratic,quadratic,llama,40,10,0.082,0.708,36.0,12.820512820512821
data_51_quadratic,quadratic,llama,40,10,-0.089,0.705,22.0,20.0
data_90_quadratic,quadratic,llama,40,10,-0.088,0.674,38.0,12.195121951219512
data_38_exponential,exponential,llama,40,10,0.094,0.697,16.0,26.31578947368421
data_81_exponential,exponential,llama,40,10,0.117,0.749,34.0,13.513513513513514
data_62_quadratic,quadratic,llama,40,10,0.1,0.738,26.0,17.24137931034483
data_10_linear,linear,llama,40,10,0.074,0.705,6.0,55.55555555555556
data_31_linear,linear,llama,40,10,0.057,0.709,14.0,29.41176470588235
data_70_linear,linear,llama,40,10,0.078,0.74,30.0,15.151515151515152
data_98_cubic,cubic,llama,40,10,-0.091,0.719,40.0,11.627906976744185
data_27_exponential,exponential,llama,40,10,0.05,0.667,12.0,33.333333333333336
data_53_quadratic,quadratic,llama,40,10,0.066,0.718,22.0,20.0
data_37_linear,linear,llama,40,10,0.059,0.711,16.0,26.31578947368421
data_54_quadratic,quadratic,llama,40,10,0.034,0.713,22.0,20.0
data_20_quadratic,quadratic,llama,40,10,-0.023,0.686,10.0,38.46153846153846
data_78_quadratic,quadratic,llama,40,10,0.062,0.743,32.0,14.285714285714286
data_19_linear,linear,llama,40,10,0.063,0.72,8.0,45.45454545454545
data_4_quadratic,quadratic,llama,40,10,-0.017,0.747,2.0,100.0
data_36_cubic,cubic,llama,40,10,0.085,0.727,16.0,26.31578947368421
data_24_exponential,exponential,llama,40,10,-0.154,0.61,10.0,38.46153846153846
data_39_quadratic,quadratic,llama,40,10,0.144,0.726,16.0,26.31578947368421
data_1_quadratic,quadratic,llama,40,10,0.104,0.784,2.0,100.0
data_41_exponential,exponential,llama,40,10,0.156,0.699,18.0,23.80952380952381
data_32_linear,linear,llama,40,10,0.048,0.662,14.0,29.41176470588235
data_66_linear,linear,llama,40,10,0.163,0.738,28.0,16.129032258064516
data_49_linear,linear,llama,40,10,0.062,0.744,20.0,21.73913043478261
data_56_linear,linear,llama,40,10,0.112,0.746,24.0,18.51851851851852
data_63_exponential,exponential,llama,40,10,-0.002,0.706,26.0,17.24137931034483
data_80_cubic,cubic,llama,40,10,0.124,0.793,34.0,13.513513513513514
data_12_exponential,exponential,llama,40,10,0.006,0.681,6.0,55.55555555555556
data_3_quadratic,quadratic,llama,40,10,-0.017,0.733,2.0,100.0
data_64_exponential,exponential,llama,40,10,-0.005,0.695,26.0,17.24137931034483
data_35_cubic,cubic,llama,40,10,-0.002,0.691,16.0,26.31578947368421
data_6_linear,linear,llama,40,10,0.123,0.731,4.0,71.42857142857143
data_93_exponential,exponential,llama,40,10,0.041,0.704,38.0,12.195121951219512
data_76_cubic,cubic,llama,40,10,0.007,0.769,32.0,14.285714285714286
data_50_exponential,exponential,llama,40,10,0.015,0.713,22.0,20.0
data_9_exponential,exponential,llama,40,10,0.204,0.719,4.0,71.42857142857143
data_59_quadratic,quadratic,llama,40,10,-0.003,0.731,24.0,18.51851851851852
data_97_quadratic,quadratic,llama,40,10,0.086,0.73,40.0,11.627906976744185
data_45_cubic,cubic,llama,40,10,-0.105,0.71,20.0,21.73913043478261
data_18_quadratic,quadratic,llama,40,10,-0.02,0.699,8.0,45.45454545454545
data_69_linear,linear,llama,40,10,0.083,0.75,28.0,16.129032258064516
data_58_quadratic,quadratic,llama,40,10,0.156,0.764,24.0,18.51851851851852
data_11_exponential,exponential,llama,40,10,-0.016,0.674,6.0,55.55555555555556
data_87_quadratic,quadratic,llama,40,10,0.098,0.765,36.0,12.820512820512821
data_47_cubic,cubic,llama,40,10,0.02,0.759,20.0,21.73913043478261
data_75_exponential,exponential,llama,40,10,-0.182,0.663,32.0,14.285714285714286
data_83_exponential,exponential,llama,40,10,-0.004,0.682,34.0,13.513513513513514
data_99_exponential,exponential,llama,40,10,-0.091,0.643,40.0,11.627906976744185
data_7_cubic,cubic,llama,40,10,-0.121,0.638,4.0,71.42857142857143
data_15_quadratic,quadratic,llama,40,10,-0.095,0.666,8.0,45.45454545454545
data_71_cubic,cubic,llama,40,10,-0.062,0.744,30.0,15.151515151515152
data_77_cubic,cubic,llama,40,10,0.075,0.735,32.0,14.285714285714286
