x1,x2,x3,cat1,cat2,cat3,cat4,cat5,cat6,cat7,cat8,cat9,cat10
240.97449761618253,259.5082505188996,62.04131540261767,Category_1_B,Category_2_B,Category_3_A,Category_4_B,Category_5_A,Category_6_A,Category_7_B,Category_8_A,Category_9_A,Category_10_B
245.78219319579637,252.89530223814185,10.074311420017755,Category_1_A,Category_2_B,Category_3_A,Category_4_A,Category_5_A,Category_6_B,Category_7_B,Category_8_A,Category_9_B,Category_10_B
254.4193269366246,246.3977337397132,23.941441473696024,Category_1_A,Category_2_B,Category_3_B,Category_4_A,Category_5_B,Category_6_B,Category_7_B,Category_8_A,Category_9_A,Category_10_A
90.432324998319,105.80685235887304,83.01937307044031,Category_1_A,Category_2_A,Category_3_A,Category_4_A,Category_5_A,Category_6_A,Category_7_B,Category_8_A,Category_9_A,Category_10_B
144.1184553053488,140.35175309950017,57.15684499489074,Category_1_A,Category_2_B,Category_3_A,Category_4_B,Category_5_A,Category_6_B,Category_7_A,Category_8_A,Category_9_A,Category_10_A
141.01546513390753,151.03737186678936,74.06107528661592,Category_1_A,Category_2_A,Category_3_B,Category_4_B,Category_5_A,Category_6_A,Category_7_A,Category_8_A,Category_9_A,Category_10_B
246.04543787929236,252.4274206704482,9.193194349616904,Category_1_A,Category_2_B,Category_3_A,Category_4_B,Category_5_B,Category_6_B,Category_7_A,Category_8_A,Category_9_B,Category_10_A
203.278205892494,195.5012373999909,21.24330782386866,Category_1_B,Category_2_B,Category_3_A,Category_4_B,Category_5_A,Category_6_A,Category_7_A,Category_8_A,Category_9_A,Category_10_B
296.16228786473755,297.75865696836496,19.605667878438325,Category_1_A,Category_2_B,Category_3_A,Category_4_B,Category_5_B,Category_6_B,Category_7_A,Category_8_B,Category_9_B,Category_10_A
301.671825524372,307.53568279600506,-7.429179221273653,Category_1_A,Category_2_B,Category_3_A,Category_4_B,Category_5_B,Category_6_B,Category_7_A,Category_8_B,Category_9_B,Category_10_A
191.391419092252,209.71988093892304,55.61490849271042,Category_1_A,Category_2_B,Category_3_A,Category_4_A,Category_5_B,Category_6_B,Category_7_A,Category_8_B,Category_9_A,Category_10_A
257.3480896798618,242.7907772981015,75.14990379254591,Category_1_B,Category_2_A,Category_3_B,Category_4_B,Category_5_B,Category_6_B,Category_7_A,Category_8_A,Category_9_A,Category_10_A
242.66481038503497,258.82173411185806,33.00645273496053,Category_1_B,Category_2_A,Category_3_B,Category_4_A,Category_5_B,Category_6_B,Category_7_A,Category_8_A,Category_9_A,Category_10_B
193.56249323119,198.3062565660341,47.588571828714514,Category_1_B,Category_2_A,Category_3_A,Category_4_A,Category_5_A,Category_6_B,Category_7_A,Category_8_B,Category_9_B,Category_10_A
249.9185909965231,249.91120997184169,-1.162011017493893,Category_1_A,Category_2_B,Category_3_B,Category_4_A,Category_5_B,Category_6_A,Category_7_B,Category_8_B,Category_9_A,Category_10_A
207.27399289116448,204.4421139010048,39.63689490908695,Category_1_B,Category_2_B,Category_3_A,Category_4_A,Category_5_A,Category_6_B,Category_7_A,Category_8_A,Category_9_A,Category_10_B
205.1788767102423,201.31190711994424,9.677894657506734,Category_1_A,Category_2_B,Category_3_A,Category_4_B,Category_5_B,Category_6_A,Category_7_A,Category_8_A,Category_9_A,Category_10_B
259.40970250698314,251.8301440833696,83.32969072442214,Category_1_A,Category_2_A,Category_3_B,Category_4_B,Category_5_A,Category_6_B,Category_7_A,Category_8_A,Category_9_B,Category_10_B
305.18605105571106,299.8484760250685,27.32848063763033,Category_1_A,Category_2_B,Category_3_B,Category_4_A,Category_5_B,Category_6_A,Category_7_B,Category_8_B,Category_9_B,Category_10_A
197.6850006418026,195.55839417859767,16.248760496915423,Category_1_A,Category_2_B,Category_3_B,Category_4_B,Category_5_A,Category_6_B,Category_7_A,Category_8_A,Category_9_A,Category_10_A
398.17436658887465,396.8670948910386,15.25737935794204,Category_1_B,Category_2_A,Category_3_B,Category_4_A,Category_5_B,Category_6_B,Category_7_B,Category_8_B,Category_9_B,Category_10_B
154.26720855768957,158.6296943088874,2.551467057873952,Category_1_A,Category_2_A,Category_3_A,Category_4_A,Category_5_B,Category_6_A,Category_7_A,Category_8_B,Category_9_A,Category_10_B
295.41339545346267,302.4770942947861,14.561852286240317,Category_1_B,Category_2_A,Category_3_A,Category_4_A,Category_5_B,Category_6_B,Category_7_B,Category_8_A,Category_9_B,Category_10_B
207.08205743982688,206.6417911907302,32.21702382729279,Category_1_B,Category_2_B,Category_3_A,Category_4_B,Category_5_A,Category_6_A,Category_7_A,Category_8_B,Category_9_A,Category_10_A
208.2632793922361,197.34932313717667,71.09189087428805,Category_1_B,Category_2_A,Category_3_B,Category_4_A,Category_5_A,Category_6_A,Category_7_A,Category_8_B,Category_9_B,Category_10_A
255.2151213932921,258.7280731889325,11.13745696536487,Category_1_A,Category_2_A,Category_3_A,Category_4_B,Category_5_B,Category_6_B,Category_7_B,Category_8_B,Category_9_A,Category_10_A
200.33337075516133,201.0476117573264,-10.393184206618216,Category_1_B,Category_2_A,Category_3_A,Category_4_A,Category_5_A,Category_6_A,Category_7_A,Category_8_B,Category_9_B,Category_10_B
243.3567153044301,245.5028283490076,46.59205943558667,Category_1_A,Category_2_B,Category_3_B,Category_4_A,Category_5_A,Category_6_A,Category_7_A,Category_8_B,Category_9_B,Category_10_B
145.97384583217732,154.07786056822525,7.441287273753785,Category_1_B,Category_2_A,Category_3_A,Category_4_A,Category_5_B,Category_6_A,Category_7_A,Category_8_B,Category_9_A,Category_10_A
195.67886090061268,195.02751521252844,35.453707945109834,Category_1_B,Category_2_A,Category_3_A,Category_4_A,Category_5_A,Category_6_A,Category_7_B,Category_8_A,Category_9_B,Category_10_B
146.54425153235462,151.19063478947876,9.955670591060784,Category_1_A,Category_2_A,Category_3_A,Category_4_B,Category_5_A,Category_6_B,Category_7_B,Category_8_A,Category_9_A,Category_10_A
349.2028066758595,350.10668916122654,4.10998882353782,Category_1_A,Category_2_B,Category_3_B,Category_4_A,Category_5_A,Category_6_B,Category_7_B,Category_8_B,Category_9_B,Category_10_B
350.8873671891528,341.080464958519,17.094598108126608,Category_1_B,Category_2_B,Category_3_B,Category_4_B,Category_5_B,Category_6_A,Category_7_B,Category_8_A,Category_9_B,Category_10_A
244.34801739519443,255.80569248024057,14.57942409242446,Category_1_B,Category_2_A,Category_3_B,Category_4_A,Category_5_A,Category_6_B,Category_7_B,Category_8_A,Category_9_A,Category_10_B
255.99736653877957,244.26860362342467,44.51197489586925,Category_1_B,Category_2_B,Category_3_A,Category_4_A,Category_5_A,Category_6_B,Category_7_A,Category_8_B,Category_9_B,Category_10_A
204.53368898593072,191.08823084253072,40.84609916817843,Category_1_B,Category_2_A,Category_3_B,Category_4_B,Category_5_A,Category_6_A,Category_7_A,Category_8_B,Category_9_A,Category_10_A
106.98585426782434,95.67289317181351,54.6006032500336,Category_1_A,Category_2_B,Category_3_B,Category_4_A,Category_5_A,Category_6_A,Category_7_A,Category_8_A,Category_9_A,Category_10_A
295.3504360916414,301.0056070862876,19.41175021970316,Category_1_B,Category_2_B,Category_3_A,Category_4_A,Category_5_B,Category_6_A,Category_7_A,Category_8_B,Category_9_B,Category_10_B
202.2964942229687,200.58731572354665,5.05561945499303,Category_1_A,Category_2_B,Category_3_B,Category_4_A,Category_5_A,Category_6_A,Category_7_A,Category_8_B,Category_9_A,Category_10_B
153.0551214638798,152.43975563187,13.995573682310807,Category_1_A,Category_2_A,Category_3_B,Category_4_B,Category_5_A,Category_6_A,Category_7_B,Category_8_A,Category_9_A,Category_10_A
197.73632868268567,192.85218024547916,26.14156356532734,Category_1_B,Category_2_B,Category_3_A,Category_4_A,Category_5_B,Category_6_A,Category_7_B,Category_8_A,Category_9_A,Category_10_A
198.2070835714564,209.75332839898877,-25.47686450013986,Category_1_B,Category_2_B,Category_3_A,Category_4_B,Category_5_A,Category_6_A,Category_7_A,Category_8_A,Category_9_A,Category_10_B
206.2031509898528,203.09795046817797,25.737881730186334,Category_1_A,Category_2_B,Category_3_A,Category_4_A,Category_5_B,Category_6_A,Category_7_A,Category_8_B,Category_9_A,Category_10_B
402.0073853076427,402.5923497794112,2.2595057803028005,Category_1_B,Category_2_B,Category_3_B,Category_4_B,Category_5_B,Category_6_A,Category_7_A,Category_8_B,Category_9_B,Category_10_B
207.96680677169388,192.35309977145272,78.19044466192193,Category_1_A,Category_2_B,Category_3_A,Category_4_B,Category_5_A,Category_6_A,Category_7_A,Category_8_A,Category_9_B,Category_10_B
299.80064450098035,290.71188610465435,20.773756052282742,Category_1_B,Category_2_A,Category_3_A,Category_4_B,Category_5_A,Category_6_B,Category_7_B,Category_8_B,Category_9_B,Category_10_A
106.56636264432564,109.6989465360642,26.82186583184269,Category_1_A,Category_2_A,Category_3_A,Category_4_A,Category_5_B,Category_6_A,Category_7_A,Category_8_B,Category_9_A,Category_10_A
357.17778942336474,343.96927108837195,68.97451052358363,Category_1_B,Category_2_A,Category_3_B,Category_4_B,Category_5_B,Category_6_A,Category_7_B,Category_8_A,Category_9_B,Category_10_B
255.76890287282183,245.14786626913923,31.6829337269934,Category_1_A,Category_2_A,Category_3_B,Category_4_B,Category_5_B,Category_6_B,Category_7_A,Category_8_B,Category_9_A,Category_10_A
307.7531087441441,295.5418466488495,63.654124625827954,Category_1_B,Category_2_A,Category_3_B,Category_4_A,Category_5_A,Category_6_B,Category_7_B,Category_8_B,Category_9_A,Category_10_B
353.97721577904974,345.0811343251479,14.11807227227892,Category_1_A,Category_2_B,Category_3_B,Category_4_B,Category_5_B,Category_6_A,Category_7_A,Category_8_B,Category_9_B,Category_10_B
99.087806152215,104.16128290092226,-0.5855994592247145,Category_1_A,Category_2_A,Category_3_A,Category_4_A,Category_5_A,Category_6_B,Category_7_A,Category_8_A,Category_9_A,Category_10_B
346.1183032957771,354.5280580398993,6.071613420393945,Category_1_B,Category_2_B,Category_3_B,Category_4_A,Category_5_A,Category_6_B,Category_7_B,Category_8_A,Category_9_B,Category_10_B
156.40168809851855,159.49648954953994,19.67066564593936,Category_1_A,Category_2_B,Category_3_A,Category_4_A,Category_5_A,Category_6_A,Category_7_B,Category_8_A,Category_9_A,Category_10_B
242.7932931084804,241.72091631009735,68.31814717821786,Category_1_A,Category_2_A,Category_3_A,Category_4_B,Category_5_A,Category_6_B,Category_7_B,Category_8_B,Category_9_A,Category_10_B
298.0259299696138,305.772992033556,-3.8795361335523433,Category_1_A,Category_2_A,Category_3_B,Category_4_B,Category_5_B,Category_6_A,Category_7_A,Category_8_B,Category_9_B,Category_10_B
194.62424629880672,198.60808018936976,32.356070861817955,Category_1_B,Category_2_A,Category_3_A,Category_4_A,Category_5_B,Category_6_B,Category_7_A,Category_8_B,Category_9_A,Category_10_A
251.80915527086717,246.1489981558019,3.122744056990734,Category_1_A,Category_2_B,Category_3_A,Category_4_A,Category_5_B,Category_6_A,Category_7_A,Category_8_B,Category_9_B,Category_10_B
157.72536115870292,158.57100676628926,44.88332730037051,Category_1_A,Category_2_A,Category_3_B,Category_4_A,Category_5_B,Category_6_A,Category_7_A,Category_8_A,Category_9_A,Category_10_B
346.55483180825047,347.7976320146048,21.820758595868163,Category_1_A,Category_2_B,Category_3_A,Category_4_B,Category_5_B,Category_6_A,Category_7_B,Category_8_B,Category_9_B,Category_10_B
256.09219304039294,242.943965945154,48.94140379168493,Category_1_A,Category_2_A,Category_3_B,Category_4_B,Category_5_B,Category_6_A,Category_7_B,Category_8_B,Category_9_A,Category_10_A
355.94905678935964,345.26160176635915,45.88132445478169,Category_1_A,Category_2_B,Category_3_B,Category_4_B,Category_5_B,Category_6_B,Category_7_A,Category_8_B,Category_9_B,Category_10_A
253.3138729554839,258.0963486881284,-10.408157427107035,Category_1_A,Category_2_A,Category_3_B,Category_4_A,Category_5_B,Category_6_B,Category_7_B,Category_8_A,Category_9_B,Category_10_A
194.88224993445547,207.20699823598227,19.762752636813367,Category_1_B,Category_2_A,Category_3_B,Category_4_A,Category_5_A,Category_6_A,Category_7_B,Category_8_A,Category_9_A,Category_10_B
206.38712491509128,203.024486244602,28.85522945227229,Category_1_B,Category_2_A,Category_3_A,Category_4_A,Category_5_B,Category_6_B,Category_7_A,Category_8_A,Category_9_B,Category_10_A
199.35202380896231,209.00760669584812,-20.048558888770987,Category_1_A,Category_2_B,Category_3_A,Category_4_B,Category_5_A,Category_6_A,Category_7_B,Category_8_A,Category_9_B,Category_10_A
304.7821745396818,295.05825825347927,32.93934533322431,Category_1_B,Category_2_B,Category_3_A,Category_4_B,Category_5_B,Category_6_A,Category_7_B,Category_8_A,Category_9_A,Category_10_B
149.21292936645074,153.1725760999369,-5.009841857357034,Category_1_A,Category_2_A,Category_3_A,Category_4_B,Category_5_A,Category_6_B,Category_7_A,Category_8_B,Category_9_A,Category_10_A
207.28171499145947,208.9971531757357,36.99830006009319,Category_1_A,Category_2_B,Category_3_B,Category_4_A,Category_5_A,Category_6_A,Category_7_B,Category_8_A,Category_9_B,Category_10_A
204.04328584008223,194.9065177812361,20.15876954352948,Category_1_A,Category_2_A,Category_3_A,Category_4_A,Category_5_B,Category_6_B,Category_7_A,Category_8_B,Category_9_A,Category_10_B
143.35950146865915,142.9452456700895,60.21278662902564,Category_1_A,Category_2_A,Category_3_B,Category_4_B,Category_5_A,Category_6_A,Category_7_A,Category_8_A,Category_9_B,Category_10_A
193.58492946250337,209.4715867426106,18.636560155448358,Category_1_A,Category_2_B,Category_3_A,Category_4_A,Category_5_B,Category_6_A,Category_7_A,Category_8_B,Category_9_B,Category_10_A
256.9981005710018,259.5698199508173,29.370894180911023,Category_1_B,Category_2_A,Category_3_B,Category_4_A,Category_5_A,Category_6_B,Category_7_A,Category_8_B,Category_9_B,Category_10_A
247.3022449368397,244.65068764072228,19.341053312769304,Category_1_A,Category_2_B,Category_3_A,Category_4_A,Category_5_A,Category_6_B,Category_7_A,Category_8_B,Category_9_B,Category_10_B
297.6207027882175,298.7950807937257,3.90864012469633,Category_1_A,Category_2_B,Category_3_B,Category_4_B,Category_5_A,Category_6_A,Category_7_B,Category_8_B,Category_9_B,Category_10_A
340.8241498053228,352.2084614019345,65.60747246316298,Category_1_B,Category_2_B,Category_3_B,Category_4_B,Category_5_B,Category_6_A,Category_7_A,Category_8_A,Category_9_B,Category_10_B
252.6832615382949,253.84031027975425,6.347587260001061,Category_1_A,Category_2_A,Category_3_A,Category_4_B,Category_5_A,Category_6_B,Category_7_A,Category_8_B,Category_9_B,Category_10_B
356.0835668489026,354.44447523519,26.936587433395832,Category_1_B,Category_2_B,Category_3_A,Category_4_B,Category_5_B,Category_6_B,Category_7_A,Category_8_B,Category_9_B,Category_10_A
207.94625795282008,199.4264031398308,59.98533867230423,Category_1_A,Category_2_B,Category_3_A,Category_4_A,Category_5_B,Category_6_B,Category_7_A,Category_8_A,Category_9_A,Category_10_B
243.89526965057516,241.2916672548258,61.32998904546451,Category_1_B,Category_2_A,Category_3_B,Category_4_A,Category_5_A,Category_6_A,Category_7_A,Category_8_B,Category_9_B,Category_10_B
307.1468472080765,309.671929200896,38.41492174816397,Category_1_A,Category_2_A,Category_3_A,Category_4_B,Category_5_B,Category_6_B,Category_7_B,Category_8_B,Category_9_A,Category_10_B
243.5345912546145,252.6494260370016,37.08289847931942,Category_1_A,Category_2_B,Category_3_A,Category_4_B,Category_5_B,Category_6_A,Category_7_A,Category_8_A,Category_9_B,Category_10_B
347.4704219730069,356.82047374324543,0.1013477830777755,Category_1_A,Category_2_B,Category_3_B,Category_4_B,Category_5_B,Category_6_B,Category_7_B,Category_8_A,Category_9_A,Category_10_B
247.64557522114103,245.1189172785033,17.201020767266073,Category_1_B,Category_2_A,Category_3_A,Category_4_A,Category_5_B,Category_6_B,Category_7_A,Category_8_A,Category_9_B,Category_10_B
201.41290044031047,200.30190015545875,-1.055049941463443,Category_1_A,Category_2_B,Category_3_A,Category_4_A,Category_5_B,Category_6_B,Category_7_B,Category_8_A,Category_9_A,Category_10_A
100.22273433082366,107.85651740169833,-17.95884691980632,Category_1_A,Category_2_A,Category_3_A,Category_4_A,Category_5_A,Category_6_A,Category_7_A,Category_8_B,Category_9_B,Category_10_A
200.5815461748559,192.00409032821284,21.17904540098071,Category_1_B,Category_2_A,Category_3_A,Category_4_A,Category_5_B,Category_6_A,Category_7_B,Category_8_A,Category_9_A,Category_10_B
300.46405398021943,293.2451567432826,13.508571106547857,Category_1_A,Category_2_A,Category_3_A,Category_4_B,Category_5_A,Category_6_B,Category_7_B,Category_8_B,Category_9_B,Category_10_B
308.6375511518601,294.7296860347283,80.84934670900108,Category_1_A,Category_2_B,Category_3_B,Category_4_B,Category_5_A,Category_6_B,Category_7_A,Category_8_B,Category_9_B,Category_10_A
344.9315186801389,340.2245644247895,46.17741949215753,Category_1_B,Category_2_B,Category_3_B,Category_4_B,Category_5_B,Category_6_B,Category_7_A,Category_8_B,Category_9_A,Category_10_A
194.16606102006017,191.792331680372,52.83084895244376,Category_1_B,Category_2_A,Category_3_B,Category_4_A,Category_5_A,Category_6_A,Category_7_A,Category_8_A,Category_9_B,Category_10_B
256.32060780180893,253.3578955239216,31.831274197308588,Category_1_B,Category_2_A,Category_3_B,Category_4_B,Category_5_B,Category_6_A,Category_7_A,Category_8_A,Category_9_A,Category_10_B
196.0773398943071,209.4723140372597,-1.6340200810835606,Category_1_A,Category_2_A,Category_3_A,Category_4_A,Category_5_B,Category_6_A,Category_7_B,Category_8_B,Category_9_A,Category_10_B
303.5078478182574,304.5111283214369,9.759229046721837,Category_1_A,Category_2_A,Category_3_B,Category_4_B,Category_5_B,Category_6_A,Category_7_B,Category_8_A,Category_9_B,Category_10_B
308.473160964884,307.0584330168332,57.80649750397484,Category_1_B,Category_2_A,Category_3_B,Category_4_B,Category_5_B,Category_6_A,Category_7_B,Category_8_B,Category_9_A,Category_10_A
141.39938839392522,140.239701604909,99.593564529685,Category_1_A,Category_2_B,Category_3_A,Category_4_A,Category_5_B,Category_6_A,Category_7_A,Category_8_B,Category_9_A,Category_10_A
355.6353888520499,355.1693127001004,22.167240547776476,Category_1_B,Category_2_B,Category_3_A,Category_4_B,Category_5_B,Category_6_A,Category_7_B,Category_8_B,Category_9_B,Category_10_A
290.70205978039024,305.5923856149232,79.11159272757826,Category_1_A,Category_2_A,Category_3_A,Category_4_B,Category_5_B,Category_6_B,Category_7_B,Category_8_B,Category_9_A,Category_10_B
450.1815932527893,442.10512418147886,15.390961418906317,Category_1_A,Category_2_B,Category_3_B,Category_4_B,Category_5_B,Category_6_B,Category_7_B,Category_8_B,Category_9_B,Category_10_B
198.77583346849207,198.56623912371288,4.282109619978214,Category_1_B,Category_2_A,Category_3_A,Category_4_B,Category_5_B,Category_6_A,Category_7_A,Category_8_B,Category_9_A,Category_10_A
403.810435658277,396.1252843233368,15.59208746473846,Category_1_B,Category_2_B,Category_3_B,Category_4_B,Category_5_B,Category_6_A,Category_7_B,Category_8_A,Category_9_B,Category_10_B
205.58493258501707,204.8481265844445,22.710319284472227,Category_1_A,Category_2_B,Category_3_A,Category_4_A,Category_5_B,Category_6_A,Category_7_B,Category_8_B,Category_9_A,Category_10_A
240.9445826001125,243.02012823637807,76.69803483248324,Category_1_A,Category_2_A,Category_3_A,Category_4_B,Category_5_B,Category_6_B,Category_7_B,Category_8_A,Category_9_A,Category_10_B
241.4912240234088,245.391917291521,77.24812872178099,Category_1_B,Category_2_A,Category_3_B,Category_4_B,Category_5_B,Category_6_A,Category_7_A,Category_8_A,Category_9_A,Category_10_B
402.0968907780506,400.1943641415493,-0.0643389902242264,Category_1_A,Category_2_B,Category_3_A,Category_4_B,Category_5_B,Category_6_B,Category_7_B,Category_8_B,Category_9_B,Category_10_B
354.2470000534645,359.72080670057824,-5.493263226455797,Category_1_B,Category_2_A,Category_3_B,Category_4_B,Category_5_B,Category_6_B,Category_7_A,Category_8_B,Category_9_B,Category_10_A
43.01549096343254,47.8320224815521,58.36796262839152,Category_1_A,Category_2_A,Category_3_B,Category_4_A,Category_5_A,Category_6_A,Category_7_A,Category_8_A,Category_9_A,Category_10_A
202.2952714900157,193.88578520984063,11.3551123563241,Category_1_A,Category_2_B,Category_3_A,Category_4_A,Category_5_A,Category_6_B,Category_7_B,Category_8_A,Category_9_B,Category_10_A
293.0170197603207,306.4089129725778,35.751322981893935,Category_1_A,Category_2_B,Category_3_A,Category_4_B,Category_5_B,Category_6_A,Category_7_B,Category_8_B,Category_9_A,Category_10_B
349.23464438499985,346.34082560359974,9.264271701830932,Category_1_B,Category_2_B,Category_3_B,Category_4_B,Category_5_A,Category_6_B,Category_7_B,Category_8_A,Category_9_B,Category_10_A
309.6052655769452,300.6474491075499,94.60100862621948,Category_1_B,Category_2_B,Category_3_A,Category_4_A,Category_5_B,Category_6_B,Category_7_B,Category_8_B,Category_9_A,Category_10_A
256.87038315613614,250.89409474770747,47.64256837670938,Category_1_A,Category_2_A,Category_3_B,Category_4_B,Category_5_B,Category_6_A,Category_7_B,Category_8_A,Category_9_A,Category_10_B
253.83829567105835,251.56292154226148,13.083467402298805,Category_1_B,Category_2_B,Category_3_A,Category_4_B,Category_5_A,Category_6_B,Category_7_A,Category_8_B,Category_9_A,Category_10_A
249.2559785565536,251.701205261816,-0.7590320674433286,Category_1_A,Category_2_B,Category_3_A,Category_4_A,Category_5_A,Category_6_B,Category_7_B,Category_8_A,Category_9_B,Category_10_B
408.33547241132027,394.4993678326236,89.02613563808505,Category_1_B,Category_2_B,Category_3_B,Category_4_A,Category_5_B,Category_6_B,Category_7_B,Category_8_A,Category_9_B,Category_10_B
304.6513497461655,292.30857057361493,30.095308717273667,Category_1_B,Category_2_A,Category_3_B,Category_4_B,Category_5_A,Category_6_A,Category_7_B,Category_8_B,Category_9_A,Category_10_B
140.0420100178568,146.7268031077769,97.72952199840674,Category_1_B,Category_2_A,Category_3_B,Category_4_A,Category_5_A,Category_6_A,Category_7_A,Category_8_A,Category_9_B,Category_10_A
253.45858499953388,259.49015277632054,-7.105499293964877,Category_1_B,Category_2_B,Category_3_B,Category_4_A,Category_5_A,Category_6_B,Category_7_A,Category_8_B,Category_9_A,Category_10_A
351.57492081236,353.92098937728275,-5.058925054547719,Category_1_B,Category_2_B,Category_3_A,Category_4_A,Category_5_B,Category_6_A,Category_7_B,Category_8_B,Category_9_B,Category_10_B
299.58011051192983,296.18254622221525,11.875074549149094,Category_1_B,Category_2_A,Category_3_B,Category_4_A,Category_5_B,Category_6_B,Category_7_B,Category_8_A,Category_9_A,Category_10_B
248.7223827501745,244.04653929395252,13.303726235233274,Category_1_B,Category_2_A,Category_3_B,Category_4_A,Category_5_A,Category_6_B,Category_7_A,Category_8_B,Category_9_A,Category_10_B
397.2661891081435,390.2507361311637,31.94763271339698,Category_1_B,Category_2_B,Category_3_A,Category_4_A,Category_5_B,Category_6_B,Category_7_B,Category_8_B,Category_9_B,Category_10_B
245.6828654436304,242.3907876918347,23.73874493174185,Category_1_B,Category_2_A,Category_3_B,Category_4_B,Category_5_A,Category_6_A,Category_7_A,Category_8_A,Category_9_B,Category_10_B
305.44051001060626,303.17882311567735,19.88652276444141,Category_1_B,Category_2_A,Category_3_B,Category_4_A,Category_5_B,Category_6_B,Category_7_B,Category_8_A,Category_9_A,Category_10_B
204.3163747124413,200.981511749866,18.96476583048002,Category_1_B,Category_2_A,Category_3_A,Category_4_A,Category_5_A,Category_6_B,Category_7_A,Category_8_A,Category_9_B,Category_10_B
343.2566182949335,359.0389534323667,25.35833481878004,Category_1_A,Category_2_A,Category_3_B,Category_4_B,Category_5_B,Category_6_B,Category_7_B,Category_8_A,Category_9_B,Category_10_B
305.2141554598835,299.1633441754649,31.911147825700084,Category_1_A,Category_2_B,Category_3_A,Category_4_B,Category_5_B,Category_6_B,Category_7_B,Category_8_A,Category_9_B,Category_10_A
305.7165633727575,307.5124366936624,15.336714426785884,Category_1_B,Category_2_B,Category_3_A,Category_4_B,Category_5_B,Category_6_A,Category_7_B,Category_8_A,Category_9_A,Category_10_B
254.7721319373761,251.87189278813065,16.493451093363173,Category_1_A,Category_2_B,Category_3_A,Category_4_A,Category_5_B,Category_6_A,Category_7_A,Category_8_B,Category_9_B,Category_10_B
244.5760307292577,240.8163380442582,51.49845264691571,Category_1_B,Category_2_B,Category_3_B,Category_4_A,Category_5_B,Category_6_A,Category_7_A,Category_8_A,Category_9_B,Category_10_A
196.6042296269337,191.37830884049,32.086432653925286,Category_1_B,Category_2_B,Category_3_B,Category_4_A,Category_5_A,Category_6_B,Category_7_A,Category_8_A,Category_9_A,Category_10_A
245.52264441710489,244.2971081871798,30.219614869888986,Category_1_B,Category_2_A,Category_3_B,Category_4_B,Category_5_B,Category_6_A,Category_7_A,Category_8_A,Category_9_A,Category_10_B
157.95196815950018,157.90687163855097,54.33917533036431,Category_1_A,Category_2_B,Category_3_A,Category_4_A,Category_5_A,Category_6_A,Category_7_B,Category_8_B,Category_9_A,Category_10_A
258.5024518524428,250.060550774694,69.92782573340654,Category_1_B,Category_2_B,Category_3_A,Category_4_B,Category_5_A,Category_6_A,Category_7_B,Category_8_A,Category_9_A,Category_10_B
252.37151130458108,241.83775619019357,23.365808114210072,Category_1_B,Category_2_B,Category_3_A,Category_4_B,Category_5_A,Category_6_B,Category_7_A,Category_8_A,Category_9_A,Category_10_B
242.7860716732793,244.95015143757695,49.49356322511582,Category_1_B,Category_2_B,Category_3_A,Category_4_A,Category_5_B,Category_6_B,Category_7_A,Category_8_A,Category_9_B,Category_10_A
342.7505815083316,342.98866423420844,70.20509094591567,Category_1_B,Category_2_B,Category_3_A,Category_4_B,Category_5_B,Category_6_B,Category_7_B,Category_8_A,Category_9_A,Category_10_B
247.3173598275072,251.34452817583468,11.396598692529142,Category_1_A,Category_2_A,Category_3_A,Category_4_A,Category_5_B,Category_6_B,Category_7_B,Category_8_B,Category_9_A,Category_10_B
142.30939075477204,157.1244810444026,47.58353570184516,Category_1_A,Category_2_B,Category_3_A,Category_4_A,Category_5_A,Category_6_A,Category_7_A,Category_8_A,Category_9_B,Category_10_B
200.23665358070616,196.0162978535464,4.283286709609721,Category_1_B,Category_2_A,Category_3_A,Category_4_B,Category_5_A,Category_6_A,Category_7_A,Category_8_B,Category_9_A,Category_10_B
295.1871232298871,304.86976956119105,18.169845437832723,Category_1_B,Category_2_B,Category_3_A,Category_4_A,Category_5_B,Category_6_A,Category_7_B,Category_8_A,Category_9_B,Category_10_B
42.20955784438722,46.21031452540556,69.07896179921416,Category_1_A,Category_2_A,Category_3_A,Category_4_B,Category_5_A,Category_6_A,Category_7_A,Category_8_A,Category_9_A,Category_10_A
93.76228106143051,104.23793116495423,26.296914532082432,Category_1_A,Category_2_A,Category_3_A,Category_4_A,Category_5_A,Category_6_A,Category_7_B,Category_8_A,Category_9_B,Category_10_A
346.47918332420204,359.98186817085013,-12.33062472674149,Category_1_B,Category_2_B,Category_3_B,Category_4_B,Category_5_B,Category_6_A,Category_7_A,Category_8_A,Category_9_B,Category_10_B
203.31078286552128,196.8220187653532,19.40051382873779,Category_1_B,Category_2_A,Category_3_A,Category_4_A,Category_5_B,Category_6_B,Category_7_A,Category_8_A,Category_9_A,Category_10_B
296.23918344001567,291.3940548077646,27.118487919136538,Category_1_A,Category_2_A,Category_3_B,Category_4_B,Category_5_B,Category_6_B,Category_7_B,Category_8_A,Category_9_A,Category_10_B
250.47897509229648,243.29849677011092,9.914042518070207,Category_1_B,Category_2_B,Category_3_A,Category_4_B,Category_5_B,Category_6_A,Category_7_A,Category_8_A,Category_9_B,Category_10_A
196.6753683460061,191.64156323800225,32.862949638804984,Category_1_B,Category_2_A,Category_3_B,Category_4_A,Category_5_A,Category_6_B,Category_7_A,Category_8_B,Category_9_A,Category_10_A
41.766697293718245,52.365415335697165,66.70364732608007,Category_1_A,Category_2_A,Category_3_B,Category_4_A,Category_5_A,Category_6_A,Category_7_A,Category_8_A,Category_9_A,Category_10_A
191.76571509624225,208.92594125321955,55.51158599677986,Category_1_B,Category_2_B,Category_3_A,Category_4_A,Category_5_A,Category_6_A,Category_7_A,Category_8_A,Category_9_B,Category_10_B
95.04585750170486,94.40465080942327,33.05134809915534,Category_1_A,Category_2_A,Category_3_A,Category_4_B,Category_5_B,Category_6_A,Category_7_A,Category_8_A,Category_9_A,Category_10_A
294.3651789026425,290.7058303807371,52.49824743517186,Category_1_B,Category_2_B,Category_3_A,Category_4_A,Category_5_B,Category_6_A,Category_7_B,Category_8_B,Category_9_B,Category_10_A
341.2537837880264,347.0667457578544,92.34132973003103,Category_1_B,Category_2_A,Category_3_A,Category_4_B,Category_5_B,Category_6_A,Category_7_B,Category_8_B,Category_9_B,Category_10_B
205.5555414087282,197.73078396289415,34.134063044284694,Category_1_A,Category_2_A,Category_3_A,Category_4_B,Category_5_B,Category_6_A,Category_7_B,Category_8_B,Category_9_A,Category_10_A
149.92264262891024,142.37127560333946,12.28434107976317,Category_1_A,Category_2_A,Category_3_A,Category_4_B,Category_5_B,Category_6_B,Category_7_A,Category_8_A,Category_9_A,Category_10_A
295.48501241766337,301.8256978452898,20.172268467104765,Category_1_B,Category_2_A,Category_3_B,Category_4_A,Category_5_B,Category_6_A,Category_7_B,Category_8_A,Category_9_B,Category_10_B
156.1966660973498,140.4018710081309,60.53399355875018,Category_1_A,Category_2_A,Category_3_A,Category_4_B,Category_5_B,Category_6_A,Category_7_B,Category_8_A,Category_9_A,Category_10_A
346.75352239708826,359.1959282113208,-14.583855032830517,Category_1_A,Category_2_B,Category_3_A,Category_4_B,Category_5_B,Category_6_B,Category_7_B,Category_8_B,Category_9_A,Category_10_B
143.91220783257893,157.90442803833628,23.71488100337391,Category_1_B,Category_2_A,Category_3_A,Category_4_B,Category_5_B,Category_6_A,Category_7_A,Category_8_A,Category_9_A,Category_10_A
246.83939906575472,245.8970776965336,22.53183771229428,Category_1_B,Category_2_A,Category_3_B,Category_4_A,Category_5_B,Category_6_B,Category_7_A,Category_8_A,Category_9_B,Category_10_A
203.4553969094535,191.50815783085844,22.18540019566421,Category_1_A,Category_2_A,Category_3_B,Category_4_A,Category_5_B,Category_6_B,Category_7_A,Category_8_B,Category_9_A,Category_10_A
195.6622888710397,196.629217445035,16.877656887832487,Category_1_B,Category_2_B,Category_3_A,Category_4_A,Category_5_B,Category_6_A,Category_7_A,Category_8_B,Category_9_A,Category_10_A
295.3131132056904,300.721168599953,17.06637854707427,Category_1_B,Category_2_B,Category_3_A,Category_4_B,Category_5_B,Category_6_B,Category_7_A,Category_8_A,Category_9_A,Category_10_B
307.6228234699098,292.7603065922427,72.92712658294536,Category_1_A,Category_2_B,Category_3_B,Category_4_A,Category_5_A,Category_6_B,Category_7_B,Category_8_B,Category_9_A,Category_10_B
250.7825985850997,240.35419571466645,20.15117582909891,Category_1_B,Category_2_B,Category_3_A,Category_4_B,Category_5_B,Category_6_B,Category_7_A,Category_8_A,Category_9_A,Category_10_A
54.87530269986598,43.90988658475678,38.64840927070699,Category_1_A,Category_2_A,Category_3_A,Category_4_A,Category_5_A,Category_6_A,Category_7_A,Category_8_A,Category_9_A,Category_10_B
157.95617014970674,149.20805649782974,59.72657547526935,Category_1_A,Category_2_B,Category_3_A,Category_4_B,Category_5_B,Category_6_A,Category_7_A,Category_8_A,Category_9_A,Category_10_A
295.47922184178185,301.9512200212224,24.09506354312395,Category_1_A,Category_2_B,Category_3_B,Category_4_B,Category_5_B,Category_6_A,Category_7_B,Category_8_B,Category_9_A,Category_10_A
200.6687104036663,198.4830721644444,12.507380273485698,Category_1_A,Category_2_A,Category_3_B,Category_4_A,Category_5_B,Category_6_A,Category_7_B,Category_8_A,Category_9_B,Category_10_A
342.66386883877374,344.5089381678297,67.24856362877755,Category_1_B,Category_2_A,Category_3_B,Category_4_B,Category_5_A,Category_6_B,Category_7_B,Category_8_A,Category_9_B,Category_10_B
159.23710381548943,159.62703536992524,64.02885426317073,Category_1_A,Category_2_A,Category_3_B,Category_4_B,Category_5_B,Category_6_A,Category_7_A,Category_8_A,Category_9_A,Category_10_A
456.2491185514757,453.5853294186146,29.4646084586106,Category_1_B,Category_2_B,Category_3_B,Category_4_B,Category_5_B,Category_6_B,Category_7_B,Category_8_B,Category_9_B,Category_10_A
253.02817996572003,258.5706680422998,-6.214895074622781,Category_1_B,Category_2_B,Category_3_A,Category_4_B,Category_5_A,Category_6_A,Category_7_B,Category_8_A,Category_9_A,Category_10_B
244.04514901154215,259.87865092860665,16.259003265418563,Category_1_B,Category_2_A,Category_3_A,Category_4_A,Category_5_A,Category_6_B,Category_7_B,Category_8_A,Category_9_B,Category_10_B
209.4164560581652,198.3937726368522,92.78828943456465,Category_1_A,Category_2_A,Category_3_A,Category_4_B,Category_5_A,Category_6_A,Category_7_A,Category_8_B,Category_9_B,Category_10_B
290.7107207657266,306.66343884290285,69.7462039700281,Category_1_A,Category_2_B,Category_3_A,Category_4_B,Category_5_B,Category_6_B,Category_7_B,Category_8_B,Category_9_A,Category_10_A
198.46468452571764,194.81813500446896,12.76928095451801,Category_1_B,Category_2_A,Category_3_A,Category_4_B,Category_5_A,Category_6_B,Category_7_A,Category_8_A,Category_9_B,Category_10_A
308.8882848536283,291.509787287074,92.90207153543624,Category_1_A,Category_2_A,Category_3_B,Category_4_B,Category_5_A,Category_6_B,Category_7_A,Category_8_B,Category_9_B,Category_10_B
396.3841949170985,392.1433846341756,23.54868656616617,Category_1_B,Category_2_B,Category_3_B,Category_4_B,Category_5_B,Category_6_A,Category_7_B,Category_8_A,Category_9_B,Category_10_B
255.5382859415753,251.3382440478844,22.438139398969515,Category_1_A,Category_2_A,Category_3_B,Category_4_A,Category_5_B,Category_6_B,Category_7_A,Category_8_B,Category_9_A,Category_10_B
359.5018320001974,349.80868243554664,83.31834021953746,Category_1_A,Category_2_B,Category_3_B,Category_4_A,Category_5_B,Category_6_B,Category_7_B,Category_8_B,Category_9_B,Category_10_A
54.038691810716905,43.26983636811108,33.649764182965846,Category_1_A,Category_2_A,Category_3_A,Category_4_A,Category_5_A,Category_6_A,Category_7_A,Category_8_A,Category_9_B,Category_10_A
196.050581461318,198.58448579388283,11.091816024235705,Category_1_B,Category_2_B,Category_3_A,Category_4_A,Category_5_A,Category_6_B,Category_7_A,Category_8_A,Category_9_A,Category_10_B
259.3732780940095,251.57338607999267,82.85192940340137,Category_1_B,Category_2_A,Category_3_A,Category_4_B,Category_5_B,Category_6_B,Category_7_A,Category_8_A,Category_9_A,Category_10_B
347.9142638595729,343.03850055790167,18.58763807093407,Category_1_B,Category_2_A,Category_3_B,Category_4_B,Category_5_B,Category_6_B,Category_7_A,Category_8_B,Category_9_A,Category_10_B
259.0261812667105,243.32488618631425,97.18769799384604,Category_1_A,Category_2_A,Category_3_B,Category_4_B,Category_5_A,Category_6_A,Category_7_B,Category_8_A,Category_9_B,Category_10_B
292.58812075377546,302.6977799247671,47.40748643027968,Category_1_A,Category_2_A,Category_3_A,Category_4_B,Category_5_B,Category_6_B,Category_7_A,Category_8_B,Category_9_B,Category_10_B
158.7412834110544,140.9118138096228,98.21347324795708,Category_1_A,Category_2_B,Category_3_B,Category_4_A,Category_5_A,Category_6_A,Category_7_B,Category_8_A,Category_9_A,Category_10_A
255.14216061536217,255.851699285609,12.725147353051206,Category_1_A,Category_2_B,Category_3_B,Category_4_B,Category_5_B,Category_6_A,Category_7_A,Category_8_A,Category_9_B,Category_10_A
240.92238563208107,245.1578878181968,90.24051717844496,Category_1_A,Category_2_B,Category_3_A,Category_4_B,Category_5_A,Category_6_B,Category_7_B,Category_8_B,Category_9_A,Category_10_A
453.2574428968677,444.1163277085288,19.331696378565034,Category_1_B,Category_2_B,Category_3_B,Category_4_B,Category_5_B,Category_6_B,Category_7_B,Category_8_B,Category_9_A,Category_10_B
394.5314245829336,390.2175922944185,43.70482558820087,Category_1_B,Category_2_B,Category_3_B,Category_4_B,Category_5_B,Category_6_B,Category_7_B,Category_8_A,Category_9_B,Category_10_A
350.3890127113977,344.67133275348385,7.937575782604933,Category_1_B,Category_2_B,Category_3_A,Category_4_A,Category_5_B,Category_6_B,Category_7_B,Category_8_B,Category_9_B,Category_10_A
250.21350593003928,240.0626765039736,18.66101095030613,Category_1_A,Category_2_B,Category_3_A,Category_4_A,Category_5_B,Category_6_B,Category_7_B,Category_8_A,Category_9_B,Category_10_A
42.15083855270334,45.5388356762098,70.76914036669658,Category_1_A,Category_2_A,Category_3_B,Category_4_A,Category_5_A,Category_6_A,Category_7_A,Category_8_A,Category_9_A,Category_10_A
406.3012685035815,397.4676396607363,52.90016151111343,Category_1_A,Category_2_B,Category_3_B,Category_4_B,Category_5_A,Category_6_B,Category_7_B,Category_8_B,Category_9_B,Category_10_B
409.2490603416463,408.5969152520741,59.9939985834177,Category_1_B,Category_2_B,Category_3_B,Category_4_B,Category_5_A,Category_6_B,Category_7_A,Category_8_B,Category_9_B,Category_10_B
251.7776478599916,247.04543547215957,6.109546538510887,Category_1_A,Category_2_B,Category_3_B,Category_4_A,Category_5_B,Category_6_A,Category_7_A,Category_8_B,Category_9_A,Category_10_B
248.0850410132945,240.7344256308637,17.520533785757944,Category_1_B,Category_2_B,Category_3_B,Category_4_A,Category_5_A,Category_6_A,Category_7_B,Category_8_A,Category_9_A,Category_10_B
353.1175398476252,359.89069667518714,-6.998672928542085,Category_1_B,Category_2_B,Category_3_B,Category_4_A,Category_5_B,Category_6_A,Category_7_B,Category_8_B,Category_9_A,Category_10_B
247.9148303298648,249.9148327027725,8.76188661428429,Category_1_A,Category_2_A,Category_3_B,Category_4_B,Category_5_B,Category_6_B,Category_7_B,Category_8_A,Category_9_A,Category_10_A
251.9043813830833,251.2777434817704,-1.042926483051826,Category_1_A,Category_2_A,Category_3_B,Category_4_B,Category_5_A,Category_6_B,Category_7_A,Category_8_B,Category_9_B,Category_10_A
198.65346312211727,198.1374729073292,1.4277771844334923,Category_1_A,Category_2_A,Category_3_B,Category_4_A,Category_5_A,Category_6_B,Category_7_B,Category_8_A,Category_9_B,Category_10_A
193.05739420638287,202.0262371733766,48.29825813038144,Category_1_A,Category_2_A,Category_3_A,Category_4_B,Category_5_A,Category_6_A,Category_7_B,Category_8_B,Category_9_A,Category_10_B
357.0899132849482,354.0649012272447,42.11844551096337,Category_1_B,Category_2_B,Category_3_B,Category_4_A,Category_5_B,Category_6_A,Category_7_B,Category_8_A,Category_9_B,Category_10_B
397.1866814075928,402.6016323627718,-5.865292965770964,Category_1_A,Category_2_B,Category_3_B,Category_4_A,Category_5_B,Category_6_B,Category_7_B,Category_8_B,Category_9_B,Category_10_B
192.04621059443988,208.02454772094825,43.50786174518657,Category_1_A,Category_2_B,Category_3_A,Category_4_B,Category_5_A,Category_6_A,Category_7_A,Category_8_A,Category_9_B,Category_10_B
190.7449963560651,199.5369628067627,86.86710747321966,Category_1_A,Category_2_B,Category_3_B,Category_4_A,Category_5_A,Category_6_A,Category_7_A,Category_8_B,Category_9_A,Category_10_B
349.11864692175936,341.98925952673767,12.01269195645704,Category_1_B,Category_2_B,Category_3_B,Category_4_B,Category_5_A,Category_6_A,Category_7_A,Category_8_B,Category_9_B,Category_10_B
342.5629678352746,345.3035273001991,77.44082413624577,Category_1_B,Category_2_B,Category_3_A,Category_4_B,Category_5_B,Category_6_B,Category_7_B,Category_8_A,Category_9_A,Category_10_B
204.07470064179364,208.54996137463417,-5.495633081044782,Category_1_A,Category_2_A,Category_3_A,Category_4_A,Category_5_A,Category_6_B,Category_7_B,Category_8_B,Category_9_B,Category_10_A
341.26792623014285,348.1619029289512,78.73773891918106,Category_1_A,Category_2_B,Category_3_B,Category_4_B,Category_5_B,Category_6_B,Category_7_B,Category_8_A,Category_9_B,Category_10_A
340.0606184993302,342.5648239983688,114.12150884225156,Category_1_B,Category_2_A,Category_3_B,Category_4_A,Category_5_B,Category_6_B,Category_7_B,Category_8_B,Category_9_B,Category_10_A
191.78298864251047,207.91936673465517,52.31346884165335,Category_1_B,Category_2_A,Category_3_A,Category_4_B,Category_5_A,Category_6_A,Category_7_A,Category_8_B,Category_9_A,Category_10_B
306.11724559907736,301.6113139365495,29.16817834836811,Category_1_B,Category_2_B,Category_3_A,Category_4_B,Category_5_B,Category_6_A,Category_7_A,Category_8_A,Category_9_B,Category_10_B
304.0238088886256,297.9539861395233,17.471006673809075,Category_1_A,Category_2_B,Category_3_B,Category_4_B,Category_5_B,Category_6_A,Category_7_A,Category_8_B,Category_9_A,Category_10_B
407.2010040286018,391.3920451620539,70.16471034693834,Category_1_B,Category_2_B,Category_3_B,Category_4_A,Category_5_B,Category_6_B,Category_7_A,Category_8_B,Category_9_B,Category_10_B
56.032936830701885,46.81815729953946,45.631306704222766,Category_1_B,Category_2_A,Category_3_A,Category_4_A,Category_5_A,Category_6_A,Category_7_A,Category_8_A,Category_9_A,Category_10_A
244.5728105670663,251.43022941331927,29.55295251252547,Category_1_B,Category_2_A,Category_3_B,Category_4_A,Category_5_A,Category_6_A,Category_7_A,Category_8_B,Category_9_B,Category_10_B
150.17388700478256,156.79760206842167,-13.494820283034857,Category_1_A,Category_2_A,Category_3_B,Category_4_A,Category_5_A,Category_6_A,Category_7_B,Category_8_A,Category_9_B,Category_10_A
350.8113961569629,358.11167142036595,-17.10046516583304,Category_1_A,Category_2_B,Category_3_B,Category_4_A,Category_5_B,Category_6_B,Category_7_A,Category_8_B,Category_9_B,Category_10_B
295.8741322927158,307.09393896831193,3.2860206880477394,Category_1_A,Category_2_B,Category_3_B,Category_4_A,Category_5_B,Category_6_A,Category_7_B,Category_8_B,Category_9_A,Category_10_B
247.38430292748623,249.48276133937972,5.787033303802815,Category_1_B,Category_2_A,Category_3_B,Category_4_B,Category_5_A,Category_6_A,Category_7_B,Category_8_B,Category_9_A,Category_10_A
195.40527974599,201.24616993383148,11.788649235221689,Category_1_B,Category_2_A,Category_3_B,Category_4_A,Category_5_A,Category_6_A,Category_7_B,Category_8_B,Category_9_A,Category_10_A
291.86626779908,291.20891188039514,78.00626229944909,Category_1_A,Category_2_B,Category_3_B,Category_4_B,Category_5_B,Category_6_B,Category_7_A,Category_8_A,Category_9_A,Category_10_B
355.0626408655344,346.49984658640665,35.21685220387364,Category_1_B,Category_2_B,Category_3_B,Category_4_A,Category_5_B,Category_6_A,Category_7_A,Category_8_B,Category_9_B,Category_10_B
354.610613958231,347.44734928153025,23.51529862876911,Category_1_B,Category_2_A,Category_3_B,Category_4_B,Category_5_A,Category_6_B,Category_7_A,Category_8_B,Category_9_B,Category_10_B
290.07250850986065,304.785125417789,87.05887536045498,Category_1_B,Category_2_B,Category_3_A,Category_4_A,Category_5_B,Category_6_A,Category_7_A,Category_8_B,Category_9_B,Category_10_B
244.79258848067235,248.91182942105203,32.5100655999348,Category_1_B,Category_2_B,Category_3_A,Category_4_A,Category_5_A,Category_6_B,Category_7_A,Category_8_B,Category_9_B,Category_10_A
195.394346787265,199.38485881892484,20.221433245978243,Category_1_B,Category_2_B,Category_3_A,Category_4_A,Category_5_B,Category_6_A,Category_7_A,Category_8_B,Category_9_A,Category_10_A
155.83311488939654,150.03926766520996,30.855178696738037,Category_1_A,Category_2_A,Category_3_A,Category_4_A,Category_5_A,Category_6_A,Category_7_B,Category_8_A,Category_9_B,Category_10_B
300.1486857608078,294.5336187627251,16.461757893010425,Category_1_B,Category_2_B,Category_3_B,Category_4_B,Category_5_B,Category_6_A,Category_7_A,Category_8_A,Category_9_A,Category_10_B
199.31373115513435,204.848801471256,-12.190843349350589,Category_1_A,Category_2_A,Category_3_B,Category_4_B,Category_5_A,Category_6_A,Category_7_B,Category_8_B,Category_9_A,Category_10_A
145.25770296671516,146.58920037802312,21.0790218582308,Category_1_B,Category_2_A,Category_3_B,Category_4_B,Category_5_A,Category_6_A,Category_7_A,Category_8_A,Category_9_A,Category_10_A
202.06303283137456,208.6800980092021,-16.458098963468732,Category_1_B,Category_2_B,Category_3_A,Category_4_B,Category_5_A,Category_6_A,Category_7_B,Category_8_A,Category_9_A,Category_10_A
307.52149195533684,294.276048403949,68.21228792189966,Category_1_B,Category_2_B,Category_3_A,Category_4_A,Category_5_A,Category_6_B,Category_7_A,Category_8_B,Category_9_B,Category_10_B
459.8658565270182,449.4113878885709,106.23118426606985,Category_1_B,Category_2_B,Category_3_B,Category_4_B,Category_5_B,Category_6_B,Category_7_B,Category_8_A,Category_9_B,Category_10_B
340.53811976700376,344.7819761086432,100.44040597934227,Category_1_B,Category_2_A,Category_3_A,Category_4_B,Category_5_B,Category_6_A,Category_7_B,Category_8_B,Category_9_B,Category_10_B
250.49298891090933,249.03495058553904,5.660513891222296,Category_1_B,Category_2_B,Category_3_A,Category_4_B,Category_5_A,Category_6_B,Category_7_B,Category_8_A,Category_9_A,Category_10_A
240.8713811471349,244.4877120827417,88.21827450789678,Category_1_B,Category_2_A,Category_3_B,Category_4_B,Category_5_A,Category_6_A,Category_7_A,Category_8_B,Category_9_A,Category_10_B
106.8732741380384,95.63826157461293,59.56586764943451,Category_1_A,Category_2_A,Category_3_A,Category_4_B,Category_5_A,Category_6_A,Category_7_B,Category_8_A,Category_9_A,Category_10_A
202.76621218798408,193.76227047978736,10.184621121193365,Category_1_A,Category_2_A,Category_3_B,Category_4_A,Category_5_B,Category_6_B,Category_7_A,Category_8_B,Category_9_A,Category_10_A
247.91908093808365,251.12540970931389,6.709165803929968,Category_1_B,Category_2_A,Category_3_B,Category_4_A,Category_5_B,Category_6_A,Category_7_B,Category_8_A,Category_9_B,Category_10_A
246.1390752136699,247.13991094289275,23.66741716999674,Category_1_A,Category_2_A,Category_3_B,Category_4_B,Category_5_B,Category_6_B,Category_7_A,Category_8_A,Category_9_B,Category_10_A
341.2268864601262,340.90569490566475,105.86354762548976,Category_1_B,Category_2_B,Category_3_B,Category_4_B,Category_5_A,Category_6_B,Category_7_B,Category_8_B,Category_9_A,Category_10_A
357.9309109880535,359.9234439360157,44.05170900381542,Category_1_A,Category_2_B,Category_3_B,Category_4_A,Category_5_B,Category_6_B,Category_7_B,Category_8_B,Category_9_A,Category_10_B
308.2136785116524,295.33362830708865,79.88773250561697,Category_1_B,Category_2_A,Category_3_B,Category_4_B,Category_5_B,Category_6_A,Category_7_A,Category_8_A,Category_9_B,Category_10_B
259.0188962080629,243.98055949089823,92.28246057831188,Category_1_A,Category_2_A,Category_3_B,Category_4_A,Category_5_B,Category_6_B,Category_7_A,Category_8_B,Category_9_B,Category_10_A
258.3941855113136,244.6628230586085,77.41489177317501,Category_1_A,Category_2_B,Category_3_A,Category_4_B,Category_5_B,Category_6_A,Category_7_A,Category_8_A,Category_9_B,Category_10_B
340.6360678996473,344.2201125947961,100.125041815984,Category_1_A,Category_2_B,Category_3_B,Category_4_B,Category_5_A,Category_6_B,Category_7_B,Category_8_B,Category_9_A,Category_10_B
357.5228699915378,353.84026581142183,54.052462557337854,Category_1_A,Category_2_A,Category_3_B,Category_4_B,Category_5_B,Category_6_B,Category_7_B,Category_8_B,Category_9_B,Category_10_A
290.84400087982897,304.5123109523542,68.54990304363787,Category_1_A,Category_2_A,Category_3_B,Category_4_B,Category_5_B,Category_6_B,Category_7_B,Category_8_A,Category_9_B,Category_10_A
359.61258450043624,343.045542760994,109.02509129733691,Category_1_A,Category_2_B,Category_3_B,Category_4_A,Category_5_B,Category_6_B,Category_7_A,Category_8_B,Category_9_B,Category_10_B
305.1769712199968,300.2810461919413,34.563485020666256,Category_1_B,Category_2_B,Category_3_A,Category_4_B,Category_5_A,Category_6_A,Category_7_B,Category_8_B,Category_9_A,Category_10_B
307.8928557698809,290.8841881947805,73.68834548931366,Category_1_B,Category_2_A,Category_3_B,Category_4_B,Category_5_A,Category_6_A,Category_7_B,Category_8_A,Category_9_B,Category_10_B
305.03285654432284,299.9960015451493,16.308528024005263,Category_1_B,Category_2_B,Category_3_B,Category_4_A,Category_5_A,Category_6_A,Category_7_B,Category_8_B,Category_9_A,Category_10_B
308.12310463506446,299.4213175793361,61.7057420243589,Category_1_B,Category_2_A,Category_3_B,Category_4_B,Category_5_A,Category_6_B,Category_7_B,Category_8_A,Category_9_B,Category_10_A
204.8173140305721,198.27793486041597,16.465725671209373,Category_1_B,Category_2_A,Category_3_A,Category_4_A,Category_5_B,Category_6_A,Category_7_A,Category_8_B,Category_9_B,Category_10_A
258.1015389829258,258.67091013297784,53.10863934183877,Category_1_A,Category_2_A,Category_3_B,Category_4_B,Category_5_A,Category_6_B,Category_7_B,Category_8_A,Category_9_B,Category_10_A
240.55699974664407,242.3478574782091,102.87536139120718,Category_1_B,Category_2_B,Category_3_A,Category_4_A,Category_5_B,Category_6_A,Category_7_B,Category_8_B,Category_9_A,Category_10_A
303.6022365860935,291.8557840441997,24.35568412179952,Category_1_B,Category_2_A,Category_3_A,Category_4_B,Category_5_B,Category_6_A,Category_7_B,Category_8_B,Category_9_A,Category_10_B
156.92670398125563,149.85240373620266,39.31479892898564,Category_1_B,Category_2_A,Category_3_B,Category_4_B,Category_5_A,Category_6_A,Category_7_A,Category_8_A,Category_9_A,Category_10_A
207.749669537884,206.60104227764623,50.554165031795634,Category_1_B,Category_2_A,Category_3_B,Category_4_A,Category_5_B,Category_6_A,Category_7_A,Category_8_A,Category_9_A,Category_10_B
190.8361077282774,195.481022312332,90.350108293072,Category_1_A,Category_2_B,Category_3_A,Category_4_A,Category_5_A,Category_6_B,Category_7_A,Category_8_B,Category_9_A,Category_10_B
199.5654238820313,197.33211097022044,5.434629497543979,Category_1_B,Category_2_A,Category_3_A,Category_4_A,Category_5_A,Category_6_A,Category_7_B,Category_8_B,Category_9_A,Category_10_B
251.656609212447,251.14580292397068,1.4127251573827495,Category_1_B,Category_2_A,Category_3_B,Category_4_B,Category_5_A,Category_6_A,Category_7_A,Category_8_B,Category_9_B,Category_10_A
144.44664747728422,145.48922542110623,48.28879744741325,Category_1_A,Category_2_A,Category_3_A,Category_4_A,Category_5_B,Category_6_A,Category_7_A,Category_8_B,Category_9_A,Category_10_B
198.63344530459895,209.3966762222886,-19.93922173689456,Category_1_B,Category_2_B,Category_3_A,Category_4_B,Category_5_B,Category_6_A,Category_7_A,Category_8_A,Category_9_A,Category_10_A
206.74036271588204,199.53068973016437,52.175112582146255,Category_1_A,Category_2_B,Category_3_A,Category_4_A,Category_5_B,Category_6_A,Category_7_B,Category_8_A,Category_9_B,Category_10_A
259.57635261288874,259.85884969919755,77.8639899009185,Category_1_B,Category_2_B,Category_3_A,Category_4_A,Category_5_B,Category_6_A,Category_7_B,Category_8_A,Category_9_A,Category_10_B
253.3753839946496,241.73938255204916,29.098858078603804,Category_1_B,Category_2_B,Category_3_A,Category_4_B,Category_5_A,Category_6_B,Category_7_A,Category_8_A,Category_9_A,Category_10_B
308.364028422654,302.9492330478566,72.02297026744394,Category_1_B,Category_2_A,Category_3_A,Category_4_B,Category_5_A,Category_6_B,Category_7_B,Category_8_B,Category_9_A,Category_10_B
242.91090725378052,257.6890365772314,28.944257411185266,Category_1_A,Category_2_A,Category_3_B,Category_4_A,Category_5_A,Category_6_B,Category_7_B,Category_8_B,Category_9_B,Category_10_A
349.0282475506704,357.64214418263794,-12.768536253155254,Category_1_B,Category_2_B,Category_3_B,Category_4_A,Category_5_A,Category_6_B,Category_7_B,Category_8_B,Category_9_B,Category_10_A
341.7529784760912,347.2992573152748,80.41864426898553,Category_1_A,Category_2_B,Category_3_B,Category_4_B,Category_5_A,Category_6_A,Category_7_B,Category_8_B,Category_9_B,Category_10_B
193.6578838834952,200.0885564137152,48.17152333517072,Category_1_B,Category_2_A,Category_3_B,Category_4_B,Category_5_A,Category_6_A,Category_7_A,Category_8_A,Category_9_B,Category_10_A
250.76051390878564,256.3587820805721,-7.271890042754857,Category_1_A,Category_2_B,Category_3_A,Category_4_B,Category_5_A,Category_6_B,Category_7_A,Category_8_A,Category_9_B,Category_10_B
203.56786460924567,194.1558561184087,29.81693665105496,Category_1_A,Category_2_A,Category_3_B,Category_4_A,Category_5_A,Category_6_A,Category_7_B,Category_8_A,Category_9_B,Category_10_B
295.42925023728685,297.7540689452541,17.048131173046503,Category_1_B,Category_2_B,Category_3_B,Category_4_A,Category_5_A,Category_6_B,Category_7_B,Category_8_A,Category_9_A,Category_10_B
302.8081617660952,295.2675262490867,18.393585403598514,Category_1_B,Category_2_A,Category_3_A,Category_4_B,Category_5_A,Category_6_B,Category_7_B,Category_8_B,Category_9_A,Category_10_B
157.59650006887983,150.11609269088078,58.81005072069488,Category_1_B,Category_2_A,Category_3_B,Category_4_A,Category_5_B,Category_6_A,Category_7_A,Category_8_A,Category_9_A,Category_10_A
255.0708327489172,241.9159614412306,40.0046267470936,Category_1_A,Category_2_B,Category_3_A,Category_4_A,Category_5_A,Category_6_B,Category_7_B,Category_8_B,Category_9_A,Category_10_B
351.40730547049,346.01649618298325,3.653053878726068,Category_1_A,Category_2_B,Category_3_A,Category_4_A,Category_5_B,Category_6_B,Category_7_B,Category_8_B,Category_9_B,Category_10_B
204.124791113085,205.99492231600365,2.5175068198626205,Category_1_A,Category_2_B,Category_3_B,Category_4_A,Category_5_A,Category_6_A,Category_7_A,Category_8_B,Category_9_A,Category_10_B
196.6193545358163,198.58193216273017,22.794912316050308,Category_1_A,Category_2_B,Category_3_A,Category_4_A,Category_5_A,Category_6_B,Category_7_B,Category_8_B,Category_9_A,Category_10_A
202.32715165801892,203.551930941608,-2.859050623280567,Category_1_B,Category_2_A,Category_3_A,Category_4_A,Category_5_B,Category_6_A,Category_7_A,Category_8_A,Category_9_B,Category_10_B
153.84682413008954,154.18468683587545,3.5051911748258378,Category_1_A,Category_2_A,Category_3_B,Category_4_B,Category_5_A,Category_6_A,Category_7_A,Category_8_B,Category_9_A,Category_10_A
390.9066228644657,407.4604757331071,77.29814042650042,Category_1_B,Category_2_A,Category_3_B,Category_4_B,Category_5_B,Category_6_B,Category_7_B,Category_8_B,Category_9_A,Category_10_B
290.732778991936,297.01048948344334,96.55781587101863,Category_1_B,Category_2_B,Category_3_A,Category_4_B,Category_5_B,Category_6_B,Category_7_A,Category_8_B,Category_9_A,Category_10_A
296.8877801178904,296.35408003950266,17.075920209736168,Category_1_A,Category_2_A,Category_3_B,Category_4_B,Category_5_B,Category_6_B,Category_7_B,Category_8_A,Category_9_A,Category_10_B
306.20731392415814,293.36497846868934,55.18353862533973,Category_1_A,Category_2_B,Category_3_B,Category_4_B,Category_5_B,Category_6_A,Category_7_B,Category_8_A,Category_9_A,Category_10_B
348.5074766497649,349.4185764920514,-4.250301159251068,Category_1_B,Category_2_A,Category_3_B,Category_4_B,Category_5_A,Category_6_B,Category_7_B,Category_8_B,Category_9_B,Category_10_A
307.2418601328369,298.65355396258377,51.543337537256775,Category_1_A,Category_2_A,Category_3_B,Category_4_B,Category_5_B,Category_6_B,Category_7_B,Category_8_A,Category_9_A,Category_10_B
295.8640725169741,295.2582169318339,33.85000524141757,Category_1_B,Category_2_B,Category_3_B,Category_4_A,Category_5_B,Category_6_A,Category_7_A,Category_8_B,Category_9_B,Category_10_A
96.0922941793756,99.11258036350635,12.856466046753358,Category_1_A,Category_2_A,Category_3_A,Category_4_A,Category_5_A,Category_6_B,Category_7_A,Category_8_A,Category_9_B,Category_10_A
357.6510385141797,345.3506033930924,67.18753262354534,Category_1_B,Category_2_A,Category_3_B,Category_4_B,Category_5_A,Category_6_B,Category_7_B,Category_8_B,Category_9_A,Category_10_B
197.58247026592096,204.07319099777243,5.034548208536829,Category_1_B,Category_2_A,Category_3_A,Category_4_A,Category_5_B,Category_6_A,Category_7_A,Category_8_A,Category_9_B,Category_10_B
300.1436737144842,292.31387497785136,18.928364706711893,Category_1_B,Category_2_B,Category_3_B,Category_4_A,Category_5_B,Category_6_A,Category_7_B,Category_8_A,Category_9_A,Category_10_B
155.91213744311,159.20265751109753,14.312206317071894,Category_1_A,Category_2_A,Category_3_A,Category_4_B,Category_5_B,Category_6_B,Category_7_A,Category_8_A,Category_9_A,Category_10_A
296.720421571182,294.9804791566043,17.397383621297276,Category_1_A,Category_2_A,Category_3_B,Category_4_A,Category_5_A,Category_6_B,Category_7_B,Category_8_B,Category_9_B,Category_10_B
240.0993536960826,247.02753556020832,102.32960295286593,Category_1_A,Category_2_B,Category_3_A,Category_4_B,Category_5_A,Category_6_B,Category_7_B,Category_8_A,Category_9_A,Category_10_B
201.7040254119572,201.3429710872341,4.1971439561098265,Category_1_A,Category_2_B,Category_3_A,Category_4_B,Category_5_A,Category_6_B,Category_7_A,Category_8_B,Category_9_A,Category_10_A
296.9929453966625,306.11581735190134,-8.4760950794603,Category_1_B,Category_2_B,Category_3_A,Category_4_B,Category_5_A,Category_6_A,Category_7_B,Category_8_A,Category_9_B,Category_10_B
349.0779765547496,344.0513336094312,14.281731632901796,Category_1_B,Category_2_B,Category_3_B,Category_4_B,Category_5_A,Category_6_A,Category_7_A,Category_8_B,Category_9_B,Category_10_B
145.8506299841588,149.87227012693015,21.40363314589474,Category_1_A,Category_2_B,Category_3_A,Category_4_A,Category_5_A,Category_6_B,Category_7_A,Category_8_A,Category_9_A,Category_10_B
353.1111110709056,352.21929091872016,7.758903278131666,Category_1_B,Category_2_B,Category_3_B,Category_4_B,Category_5_B,Category_6_A,Category_7_B,Category_8_B,Category_9_A,Category_10_A
299.8335130228129,291.4708840767992,17.489582592963522,Category_1_A,Category_2_B,Category_3_B,Category_4_A,Category_5_B,Category_6_B,Category_7_B,Category_8_B,Category_9_A,Category_10_A
256.33595796317337,250.1968084268308,31.736173954667397,Category_1_B,Category_2_B,Category_3_A,Category_4_A,Category_5_A,Category_6_B,Category_7_A,Category_8_B,Category_9_B,Category_10_A
347.27084858284184,349.33157216118866,12.258274808088547,Category_1_B,Category_2_B,Category_3_A,Category_4_B,Category_5_B,Category_6_A,Category_7_B,Category_8_A,Category_9_B,Category_10_B
244.85884956001547,252.5948138672948,28.34426519445806,Category_1_A,Category_2_B,Category_3_B,Category_4_A,Category_5_B,Category_6_A,Category_7_A,Category_8_B,Category_9_A,Category_10_B
300.6290985728566,307.7241801852449,-9.83947658252743,Category_1_A,Category_2_B,Category_3_B,Category_4_B,Category_5_B,Category_6_A,Category_7_B,Category_8_A,Category_9_A,Category_10_B
155.35683998965104,153.82436038249833,20.88072052533748,Category_1_A,Category_2_A,Category_3_A,Category_4_B,Category_5_B,Category_6_A,Category_7_B,Category_8_A,Category_9_A,Category_10_A
308.7086380725979,309.5159753683795,53.59844282847891,Category_1_A,Category_2_A,Category_3_B,Category_4_A,Category_5_B,Category_6_A,Category_7_B,Category_8_B,Category_9_B,Category_10_B
95.24950259861508,105.44952641567347,7.990069862211254,Category_1_B,Category_2_A,Category_3_A,Category_4_B,Category_5_A,Category_6_A,Category_7_A,Category_8_A,Category_9_A,Category_10_A
241.37025687363456,247.8432476561873,77.3271314240115,Category_1_A,Category_2_A,Category_3_B,Category_4_B,Category_5_B,Category_6_B,Category_7_A,Category_8_A,Category_9_A,Category_10_B
297.67190848778296,297.96695179392293,4.27416141407803,Category_1_B,Category_2_B,Category_3_A,Category_4_A,Category_5_B,Category_6_B,Category_7_A,Category_8_B,Category_9_B,Category_10_A
354.8782543904421,349.19652453602896,16.538645301714368,Category_1_B,Category_2_B,Category_3_B,Category_4_B,Category_5_B,Category_6_A,Category_7_B,Category_8_A,Category_9_B,Category_10_A
352.0668137924181,344.46445830296545,4.500056986938214,Category_1_B,Category_2_B,Category_3_B,Category_4_A,Category_5_B,Category_6_B,Category_7_A,Category_8_B,Category_9_B,Category_10_A
205.3201090819665,193.6582815941629,36.2739519474452,Category_1_A,Category_2_A,Category_3_A,Category_4_B,Category_5_B,Category_6_A,Category_7_A,Category_8_B,Category_9_A,Category_10_B
250.2884363115016,253.42220310316537,-6.749401919165681,Category_1_A,Category_2_B,Category_3_A,Category_4_B,Category_5_A,Category_6_B,Category_7_A,Category_8_B,Category_9_A,Category_10_B
296.6659709584899,297.9898900414517,19.43424873192258,Category_1_B,Category_2_A,Category_3_B,Category_4_B,Category_5_B,Category_6_A,Category_7_B,Category_8_B,Category_9_A,Category_10_A
152.43442597024455,153.5190801330319,8.595568936464606,Category_1_A,Category_2_A,Category_3_A,Category_4_A,Category_5_A,Category_6_A,Category_7_B,Category_8_A,Category_9_B,Category_10_B
255.0055252451801,240.6182950850584,47.15636607832134,Category_1_A,Category_2_B,Category_3_B,Category_4_A,Category_5_B,Category_6_B,Category_7_B,Category_8_A,Category_9_A,Category_10_A
252.62862340759563,251.6009859260312,6.811066188270916,Category_1_B,Category_2_A,Category_3_A,Category_4_B,Category_5_A,Category_6_A,Category_7_B,Category_8_B,Category_9_A,Category_10_B
140.43075428572664,147.47118318136148,106.9153480511844,Category_1_A,Category_2_B,Category_3_A,Category_4_B,Category_5_A,Category_6_A,Category_7_B,Category_8_A,Category_9_A,Category_10_A
196.58349803811927,194.78644329423616,20.005294359617803,Category_1_B,Category_2_A,Category_3_B,Category_4_A,Category_5_A,Category_6_A,Category_7_A,Category_8_B,Category_9_A,Category_10_B
249.10071349577692,245.30273849339503,18.985278880184136,Category_1_B,Category_2_B,Category_3_A,Category_4_A,Category_5_A,Category_6_B,Category_7_B,Category_8_B,Category_9_A,Category_10_A
146.79585557559713,148.9440398702895,18.95014842922155,Category_1_A,Category_2_B,Category_3_B,Category_4_A,Category_5_A,Category_6_A,Category_7_A,Category_8_B,Category_9_A,Category_10_A
193.07197295695,193.8262001514006,59.85480240117523,Category_1_A,Category_2_A,Category_3_B,Category_4_B,Category_5_A,Category_6_B,Category_7_A,Category_8_B,Category_9_A,Category_10_A
353.5125755368099,348.2410791575571,18.47522205400948,Category_1_B,Category_2_B,Category_3_A,Category_4_A,Category_5_B,Category_6_B,Category_7_B,Category_8_B,Category_9_B,Category_10_A
290.3161076771132,308.2702064340421,78.2171245689559,Category_1_B,Category_2_B,Category_3_A,Category_4_A,Category_5_A,Category_6_B,Category_7_A,Category_8_B,Category_9_B,Category_10_B
149.65079965993624,140.29607906921268,19.393976774454963,Category_1_B,Category_2_A,Category_3_A,Category_4_A,Category_5_A,Category_6_B,Category_7_A,Category_8_A,Category_9_B,Category_10_A
240.61829096652303,242.20628372260356,108.15868431609756,Category_1_B,Category_2_A,Category_3_B,Category_4_A,Category_5_A,Category_6_A,Category_7_A,Category_8_B,Category_9_B,Category_10_B
296.1214485483184,307.54934235029896,0.8028114050042634,Category_1_A,Category_2_B,Category_3_B,Category_4_A,Category_5_B,Category_6_A,Category_7_B,Category_8_A,Category_9_B,Category_10_B
309.2358268548618,295.1561916184234,98.04744659288096,Category_1_B,Category_2_A,Category_3_B,Category_4_A,Category_5_A,Category_6_A,Category_7_B,Category_8_B,Category_9_B,Category_10_B
358.6848311730091,352.4195138125588,71.92804516452637,Category_1_B,Category_2_B,Category_3_A,Category_4_B,Category_5_A,Category_6_B,Category_7_A,Category_8_B,Category_9_B,Category_10_B
148.41346288937137,159.75547756337593,-16.999630727084384,Category_1_A,Category_2_B,Category_3_A,Category_4_A,Category_5_A,Category_6_A,Category_7_B,Category_8_B,Category_9_A,Category_10_A
242.4319612985105,258.0818929369737,36.86652887423583,Category_1_A,Category_2_A,Category_3_A,Category_4_A,Category_5_B,Category_6_A,Category_7_B,Category_8_B,Category_9_B,Category_10_B
358.9804241580713,347.29972228503163,91.86323284164035,Category_1_B,Category_2_B,Category_3_A,Category_4_B,Category_5_B,Category_6_B,Category_7_A,Category_8_B,Category_9_B,Category_10_A
358.92740101552056,346.85839222017745,88.86344250045778,Category_1_B,Category_2_B,Category_3_A,Category_4_A,Category_5_B,Category_6_B,Category_7_B,Category_8_B,Category_9_B,Category_10_A
247.35559188095965,257.5008842237496,-4.538364110792495,Category_1_B,Category_2_A,Category_3_B,Category_4_A,Category_5_A,Category_6_B,Category_7_B,Category_8_A,Category_9_B,Category_10_A
91.0627910378496,100.74477001865566,73.88321873142283,Category_1_A,Category_2_A,Category_3_A,Category_4_A,Category_5_A,Category_6_A,Category_7_A,Category_8_A,Category_9_B,Category_10_B
292.4807998274355,301.37639578762446,58.20646576821037,Category_1_B,Category_2_B,Category_3_B,Category_4_A,Category_5_B,Category_6_A,Category_7_B,Category_8_A,Category_9_A,Category_10_B
257.9475185932353,244.63267079293564,77.89645249617361,Category_1_B,Category_2_B,Category_3_A,Category_4_A,Category_5_A,Category_6_B,Category_7_B,Category_8_A,Category_9_B,Category_10_A
91.6520120271524,93.3085308321108,93.87168676714256,Category_1_A,Category_2_A,Category_3_B,Category_4_A,Category_5_A,Category_6_A,Category_7_B,Category_8_A,Category_9_A,Category_10_A
298.5043625422643,305.3024684729404,-6.380261661837382,Category_1_B,Category_2_A,Category_3_B,Category_4_B,Category_5_A,Category_6_A,Category_7_B,Category_8_B,Category_9_A,Category_10_B
295.594066551275,305.620431707691,2.845028551075483,Category_1_B,Category_2_A,Category_3_B,Category_4_B,Category_5_A,Category_6_B,Category_7_B,Category_8_B,Category_9_A,Category_10_A
194.50772159215123,207.3620053214081,19.04700033040174,Category_1_A,Category_2_A,Category_3_B,Category_4_A,Category_5_A,Category_6_B,Category_7_B,Category_8_B,Category_9_A,Category_10_A
141.82323947370082,147.7910152017236,64.193263317376,Category_1_B,Category_2_A,Category_3_B,Category_4_A,Category_5_A,Category_6_A,Category_7_A,Category_8_A,Category_9_A,Category_10_B
140.0208253681205,149.27250512524557,104.05426186295811,Category_1_A,Category_2_A,Category_3_A,Category_4_B,Category_5_B,Category_6_A,Category_7_A,Category_8_A,Category_9_A,Category_10_B
243.353238353871,258.9759002356345,35.2125903471297,Category_1_B,Category_2_B,Category_3_A,Category_4_A,Category_5_B,Category_6_A,Category_7_B,Category_8_A,Category_9_B,Category_10_A
302.10237788620896,293.7128537936832,19.084257029412075,Category_1_A,Category_2_B,Category_3_B,Category_4_A,Category_5_B,Category_6_A,Category_7_B,Category_8_A,Category_9_B,Category_10_B
196.58746201252416,193.5576614099184,18.980213688265767,Category_1_B,Category_2_B,Category_3_A,Category_4_A,Category_5_A,Category_6_A,Category_7_A,Category_8_B,Category_9_A,Category_10_B
154.06384635030446,142.06881848864435,35.57992469818932,Category_1_A,Category_2_A,Category_3_B,Category_4_B,Category_5_A,Category_6_A,Category_7_B,Category_8_A,Category_9_A,Category_10_A
249.095672982797,241.2360197237247,14.624371795685196,Category_1_B,Category_2_B,Category_3_A,Category_4_A,Category_5_B,Category_6_A,Category_7_B,Category_8_B,Category_9_A,Category_10_A
154.3451967324022,148.1417833124193,20.12122257848788,Category_1_A,Category_2_A,Category_3_A,Category_4_A,Category_5_B,Category_6_B,Category_7_B,Category_8_A,Category_9_A,Category_10_A
143.8398283970885,159.36557374169553,11.636441474723576,Category_1_B,Category_2_A,Category_3_A,Category_4_B,Category_5_A,Category_6_B,Category_7_A,Category_8_A,Category_9_A,Category_10_A
294.5356536268255,297.32947347713366,34.00601030838804,Category_1_A,Category_2_A,Category_3_B,Category_4_B,Category_5_B,Category_6_B,Category_7_A,Category_8_B,Category_9_A,Category_10_B
258.88230800256207,248.83341239897837,82.57182959098698,Category_1_A,Category_2_A,Category_3_A,Category_4_B,Category_5_B,Category_6_A,Category_7_B,Category_8_B,Category_9_B,Category_10_A
208.2305405016436,203.89960026109756,64.81515271877656,Category_1_A,Category_2_A,Category_3_A,Category_4_A,Category_5_A,Category_6_B,Category_7_B,Category_8_A,Category_9_B,Category_10_B
301.45049770480705,300.5515093658922,4.963798730529857,Category_1_B,Category_2_A,Category_3_A,Category_4_B,Category_5_A,Category_6_B,Category_7_B,Category_8_B,Category_9_B,Category_10_A
309.5784201403679,308.4746694989848,75.00412374829594,Category_1_B,Category_2_B,Category_3_A,Category_4_B,Category_5_B,Category_6_A,Category_7_B,Category_8_A,Category_9_B,Category_10_A
407.3196068290589,394.565731874342,67.30846298512112,Category_1_A,Category_2_B,Category_3_B,Category_4_A,Category_5_B,Category_6_B,Category_7_B,Category_8_B,Category_9_B,Category_10_B
307.52522935679144,296.6334884696215,68.57850659929377,Category_1_A,Category_2_B,Category_3_B,Category_4_B,Category_5_A,Category_6_A,Category_7_A,Category_8_B,Category_9_B,Category_10_B
150.54333730483586,148.71599597791592,2.6218608615056795,Category_1_A,Category_2_A,Category_3_B,Category_4_A,Category_5_A,Category_6_A,Category_7_B,Category_8_A,Category_9_A,Category_10_B
342.3309099521727,349.0875294465713,58.829085552895975,Category_1_B,Category_2_B,Category_3_A,Category_4_A,Category_5_A,Category_6_B,Category_7_B,Category_8_B,Category_9_B,Category_10_B
152.55989334090563,157.77051586565807,-9.330258905249908,Category_1_A,Category_2_B,Category_3_A,Category_4_A,Category_5_A,Category_6_A,Category_7_B,Category_8_A,Category_9_A,Category_10_B
109.27288879244946,105.45959710289968,69.42191074761055,Category_1_A,Category_2_A,Category_3_A,Category_4_A,Category_5_A,Category_6_A,Category_7_A,Category_8_B,Category_9_B,Category_10_A
248.80544146380467,254.0607543434893,-3.287806782801933,Category_1_A,Category_2_B,Category_3_B,Category_4_A,Category_5_B,Category_6_A,Category_7_B,Category_8_B,Category_9_A,Category_10_A
350.56354885009284,344.06533315965453,21.685864263021035,Category_1_B,Category_2_A,Category_3_B,Category_4_A,Category_5_B,Category_6_B,Category_7_A,Category_8_B,Category_9_B,Category_10_B
192.07021588678907,190.3455754356532,78.79217176486242,Category_1_B,Category_2_B,Category_3_A,Category_4_A,Category_5_A,Category_6_B,Category_7_A,Category_8_A,Category_9_A,Category_10_B
346.6193275056335,347.9144844852124,17.18185366140285,Category_1_B,Category_2_A,Category_3_B,Category_4_A,Category_5_B,Category_6_B,Category_7_B,Category_8_B,Category_9_B,Category_10_A
242.83593020442444,245.7559250393332,60.65227815923639,Category_1_A,Category_2_B,Category_3_A,Category_4_A,Category_5_B,Category_6_A,Category_7_A,Category_8_B,Category_9_B,Category_10_B
158.1115569430234,145.19322840444772,68.71930983063505,Category_1_A,Category_2_A,Category_3_B,Category_4_A,Category_5_A,Category_6_A,Category_7_B,Category_8_A,Category_9_A,Category_10_B
309.9063238381566,290.21970092201576,123.09320645316758,Category_1_A,Category_2_A,Category_3_A,Category_4_B,Category_5_B,Category_6_B,Category_7_B,Category_8_B,Category_9_B,Category_10_A
307.878126261897,293.049976353126,75.22549346602595,Category_1_B,Category_2_B,Category_3_A,Category_4_B,Category_5_A,Category_6_A,Category_7_B,Category_8_B,Category_9_B,Category_10_A
203.941575697948,204.36977499058207,9.332552870238652,Category_1_A,Category_2_A,Category_3_B,Category_4_B,Category_5_A,Category_6_B,Category_7_A,Category_8_A,Category_9_A,Category_10_B
150.8257239417379,157.8420563092011,-16.457158152216593,Category_1_B,Category_2_A,Category_3_A,Category_4_A,Category_5_A,Category_6_B,Category_7_A,Category_8_B,Category_9_A,Category_10_A
47.43837664305424,57.565340175734,-9.685048549861657,Category_1_B,Category_2_A,Category_3_A,Category_4_A,Category_5_A,Category_6_A,Category_7_A,Category_8_A,Category_9_A,Category_10_A
295.8657333131132,296.3924240921947,22.03688215889816,Category_1_B,Category_2_B,Category_3_B,Category_4_B,Category_5_A,Category_6_A,Category_7_A,Category_8_B,Category_9_A,Category_10_B
55.090120798404485,46.66197141572236,39.94056573158242,Category_1_A,Category_2_A,Category_3_A,Category_4_A,Category_5_A,Category_6_A,Category_7_A,Category_8_A,Category_9_B,Category_10_A
240.6933149718652,259.72908150424155,67.7187628022426,Category_1_B,Category_2_B,Category_3_B,Category_4_A,Category_5_B,Category_6_A,Category_7_B,Category_8_A,Category_9_A,Category_10_A
207.61410105278836,207.8963225668616,39.471256950936414,Category_1_B,Category_2_A,Category_3_A,Category_4_A,Category_5_A,Category_6_B,Category_7_A,Category_8_A,Category_9_B,Category_10_B
47.59181691677254,43.411375230604186,20.07090124938355,Category_1_A,Category_2_A,Category_3_A,Category_4_A,Category_5_A,Category_6_A,Category_7_B,Category_8_A,Category_9_A,Category_10_A
295.99335067398846,294.31184847188604,29.09254651533947,Category_1_B,Category_2_A,Category_3_B,Category_4_B,Category_5_B,Category_6_A,Category_7_B,Category_8_B,Category_9_A,Category_10_A
255.41114948332375,251.33559681761352,29.35584123782228,Category_1_A,Category_2_A,Category_3_A,Category_4_A,Category_5_B,Category_6_B,Category_7_B,Category_8_A,Category_9_B,Category_10_B
299.2317669452599,290.0523840760875,20.078228183598107,Category_1_B,Category_2_A,Category_3_A,Category_4_B,Category_5_B,Category_6_B,Category_7_A,Category_8_B,Category_9_A,Category_10_B
208.36143053061627,196.75332171923796,75.86283905973288,Category_1_B,Category_2_A,Category_3_B,Category_4_A,Category_5_A,Category_6_A,Category_7_A,Category_8_B,Category_9_A,Category_10_B
300.5742265593351,299.1271310002388,-4.958953193655546,Category_1_A,Category_2_B,Category_3_B,Category_4_A,Category_5_B,Category_6_B,Category_7_A,Category_8_A,Category_9_B,Category_10_B
207.7070324157702,206.33317987796423,42.49280035317305,Category_1_A,Category_2_B,Category_3_B,Category_4_B,Category_5_A,Category_6_A,Category_7_B,Category_8_A,Category_9_A,Category_10_A
350.3499237518178,340.2964459522964,10.962767604533624,Category_1_A,Category_2_B,Category_3_B,Category_4_A,Category_5_B,Category_6_B,Category_7_B,Category_8_B,Category_9_B,Category_10_A
259.26550685937286,255.8387730201507,73.92986409270125,Category_1_B,Category_2_B,Category_3_A,Category_4_B,Category_5_B,Category_6_B,Category_7_A,Category_8_A,Category_9_A,Category_10_A
245.14829690128488,248.712695797774,29.666937748220832,Category_1_A,Category_2_B,Category_3_B,Category_4_A,Category_5_A,Category_6_B,Category_7_B,Category_8_B,Category_9_A,Category_10_A
295.44682799917587,302.87141421954703,22.93185174486308,Category_1_B,Category_2_A,Category_3_B,Category_4_B,Category_5_A,Category_6_A,Category_7_B,Category_8_B,Category_9_A,Category_10_B
309.86073076361924,300.70504581175226,90.16216539329508,Category_1_B,Category_2_A,Category_3_B,Category_4_B,Category_5_A,Category_6_B,Category_7_A,Category_8_B,Category_9_A,Category_10_B
306.83180599571045,297.34407460230693,49.06802030416626,Category_1_A,Category_2_B,Category_3_B,Category_4_A,Category_5_B,Category_6_A,Category_7_A,Category_8_B,Category_9_B,Category_10_B
193.18968065837825,190.12542965557876,73.84577321768961,Category_1_A,Category_2_A,Category_3_A,Category_4_A,Category_5_A,Category_6_B,Category_7_B,Category_8_A,Category_9_B,Category_10_B
204.7453956699204,202.93357908197305,14.905046673748611,Category_1_B,Category_2_A,Category_3_B,Category_4_B,Category_5_A,Category_6_B,Category_7_A,Category_8_A,Category_9_A,Category_10_A
198.36630213786455,208.4156755957388,-12.634721668078482,Category_1_B,Category_2_A,Category_3_A,Category_4_A,Category_5_A,Category_6_A,Category_7_A,Category_8_B,Category_9_B,Category_10_B
392.4306007286499,408.4533190361074,40.89051886113003,Category_1_B,Category_2_B,Category_3_B,Category_4_B,Category_5_B,Category_6_B,Category_7_A,Category_8_B,Category_9_A,Category_10_B
304.7493231457793,299.2342863575627,17.948875911276865,Category_1_A,Category_2_B,Category_3_B,Category_4_B,Category_5_A,Category_6_A,Category_7_B,Category_8_B,Category_9_A,Category_10_B
259.82821816012233,254.5955444604715,85.70052778381171,Category_1_B,Category_2_B,Category_3_A,Category_4_B,Category_5_A,Category_6_A,Category_7_A,Category_8_A,Category_9_B,Category_10_B
156.8899244816717,153.15732033803113,48.90069315147763,Category_1_B,Category_2_A,Category_3_A,Category_4_A,Category_5_A,Category_6_A,Category_7_B,Category_8_A,Category_9_B,Category_10_A
354.9922517454963,350.2489441745526,27.904217701650836,Category_1_B,Category_2_A,Category_3_A,Category_4_B,Category_5_A,Category_6_B,Category_7_B,Category_8_B,Category_9_B,Category_10_B
248.13047080868165,241.42236412292056,29.674710088192764,Category_1_A,Category_2_B,Category_3_A,Category_4_B,Category_5_B,Category_6_B,Category_7_A,Category_8_A,Category_9_B,Category_10_A
141.3851511718894,158.06598079432314,59.64337002468326,Category_1_A,Category_2_B,Category_3_A,Category_4_A,Category_5_A,Category_6_B,Category_7_A,Category_8_A,Category_9_B,Category_10_A
243.7512542822688,254.0319772134411,26.685322366496703,Category_1_A,Category_2_A,Category_3_B,Category_4_B,Category_5_A,Category_6_B,Category_7_A,Category_8_A,Category_9_B,Category_10_B
205.5085164342562,205.4172155100132,21.54747998153197,Category_1_A,Category_2_A,Category_3_A,Category_4_B,Category_5_B,Category_6_A,Category_7_A,Category_8_B,Category_9_A,Category_10_B
301.3046537337518,293.2474432536779,14.027163776957774,Category_1_A,Category_2_B,Category_3_A,Category_4_A,Category_5_B,Category_6_B,Category_7_B,Category_8_B,Category_9_B,Category_10_A
307.7417256264268,295.0221955777056,70.94500249805014,Category_1_A,Category_2_A,Category_3_B,Category_4_B,Category_5_A,Category_6_B,Category_7_A,Category_8_B,Category_9_B,Category_10_B
259.4508137271472,246.90397021722129,101.58502176737709,Category_1_B,Category_2_B,Category_3_B,Category_4_A,Category_5_A,Category_6_B,Category_7_A,Category_8_A,Category_9_A,Category_10_B
58.36689819850172,46.21866300305923,88.9299733276213,Category_1_A,Category_2_A,Category_3_A,Category_4_A,Category_5_A,Category_6_A,Category_7_A,Category_8_A,Category_9_A,Category_10_B
303.8067888059029,290.0939283737629,35.794713376161866,Category_1_B,Category_2_A,Category_3_A,Category_4_A,Category_5_B,Category_6_B,Category_7_B,Category_8_A,Category_9_B,Category_10_B
294.0621956422113,302.0192949902116,28.648991277591527,Category_1_B,Category_2_B,Category_3_B,Category_4_A,Category_5_A,Category_6_B,Category_7_A,Category_8_B,Category_9_B,Category_10_A
205.1605802863068,206.3873931279141,16.652487182689782,Category_1_B,Category_2_B,Category_3_B,Category_4_A,Category_5_A,Category_6_B,Category_7_A,Category_8_A,Category_9_A,Category_10_A
249.07286801074028,241.85491046851396,18.566062424960307,Category_1_A,Category_2_A,Category_3_B,Category_4_B,Category_5_B,Category_6_A,Category_7_A,Category_8_B,Category_9_B,Category_10_A
305.4987271843105,309.1224528545349,11.535708011405251,Category_1_A,Category_2_B,Category_3_B,Category_4_A,Category_5_B,Category_6_A,Category_7_B,Category_8_B,Category_9_A,Category_10_B
299.46244746593686,297.9260719744252,2.1825661060250896,Category_1_A,Category_2_A,Category_3_B,Category_4_B,Category_5_B,Category_6_A,Category_7_B,Category_8_B,Category_9_B,Category_10_A
200.62408563198048,201.4219113526484,-4.33692405326512,Category_1_A,Category_2_B,Category_3_B,Category_4_A,Category_5_B,Category_6_A,Category_7_B,Category_8_A,Category_9_A,Category_10_A
202.3612029273468,201.7221797147956,0.2116801648247348,Category_1_B,Category_2_A,Category_3_B,Category_4_A,Category_5_A,Category_6_A,Category_7_B,Category_8_A,Category_9_A,Category_10_B
245.2806372902536,255.8353911130256,4.549613340291966,Category_1_A,Category_2_B,Category_3_B,Category_4_A,Category_5_A,Category_6_A,Category_7_B,Category_8_B,Category_9_B,Category_10_A
257.69434717432586,257.72879620962647,46.95493840283368,Category_1_A,Category_2_B,Category_3_A,Category_4_B,Category_5_A,Category_6_A,Category_7_B,Category_8_A,Category_9_B,Category_10_B
308.19153722525505,291.44988966553274,86.03895672492648,Category_1_A,Category_2_B,Category_3_B,Category_4_A,Category_5_A,Category_6_B,Category_7_A,Category_8_B,Category_9_B,Category_10_B
251.47660095561483,256.598815781283,-10.3246622699729,Category_1_B,Category_2_B,Category_3_A,Category_4_A,Category_5_B,Category_6_B,Category_7_A,Category_8_A,Category_9_B,Category_10_A
201.2407410226555,198.0639128060296,-5.230745663584268,Category_1_A,Category_2_A,Category_3_B,Category_4_A,Category_5_A,Category_6_B,Category_7_A,Category_8_A,Category_9_B,Category_10_B
251.9909507530592,259.2271991456447,-15.86240437995082,Category_1_A,Category_2_A,Category_3_B,Category_4_B,Category_5_A,Category_6_A,Category_7_A,Category_8_B,Category_9_B,Category_10_B
204.81522915001824,198.23581185203795,32.366994113693494,Category_1_A,Category_2_A,Category_3_A,Category_4_B,Category_5_B,Category_6_A,Category_7_A,Category_8_B,Category_9_A,Category_10_B
197.20141665068,204.43751298756493,1.656032763073004,Category_1_B,Category_2_A,Category_3_A,Category_4_A,Category_5_B,Category_6_A,Category_7_A,Category_8_B,Category_9_A,Category_10_B
92.81827813137808,94.20191902499226,58.782741496612736,Category_1_B,Category_2_A,Category_3_A,Category_4_A,Category_5_A,Category_6_A,Category_7_B,Category_8_A,Category_9_A,Category_10_A
342.1002725904751,348.8515022652293,63.384414935435615,Category_1_A,Category_2_B,Category_3_B,Category_4_B,Category_5_B,Category_6_B,Category_7_B,Category_8_A,Category_9_B,Category_10_A
203.5480989415695,201.8539226355,11.858283364089704,Category_1_B,Category_2_A,Category_3_A,Category_4_B,Category_5_A,Category_6_A,Category_7_B,Category_8_B,Category_9_A,Category_10_A
248.74044028442148,244.29830758379975,11.074392081997011,Category_1_B,Category_2_A,Category_3_A,Category_4_A,Category_5_A,Category_6_B,Category_7_B,Category_8_B,Category_9_A,Category_10_B
402.5130293053185,404.1585610957618,0.95789739048961,Category_1_B,Category_2_B,Category_3_B,Category_4_B,Category_5_B,Category_6_B,Category_7_A,Category_8_A,Category_9_B,Category_10_B
255.7574720184344,254.6115942185379,16.12812526476344,Category_1_B,Category_2_B,Category_3_A,Category_4_B,Category_5_A,Category_6_A,Category_7_B,Category_8_B,Category_9_A,Category_10_A
253.10355638287072,245.5897483049249,19.26746667910975,Category_1_A,Category_2_B,Category_3_B,Category_4_B,Category_5_B,Category_6_A,Category_7_A,Category_8_A,Category_9_B,Category_10_A
94.50631215740302,104.54301039225544,24.54224671724116,Category_1_A,Category_2_A,Category_3_B,Category_4_B,Category_5_A,Category_6_A,Category_7_A,Category_8_A,Category_9_A,Category_10_A
357.3697222754287,351.1023779053538,43.24475748330475,Category_1_A,Category_2_B,Category_3_B,Category_4_B,Category_5_B,Category_6_A,Category_7_B,Category_8_B,Category_9_A,Category_10_B
208.0327998627796,203.6789764056839,60.25380710404255,Category_1_B,Category_2_A,Category_3_A,Category_4_B,Category_5_B,Category_6_A,Category_7_A,Category_8_B,Category_9_A,Category_10_A
244.06566870539604,250.89968994016465,29.580318331891057,Category_1_A,Category_2_B,Category_3_A,Category_4_A,Category_5_A,Category_6_A,Category_7_B,Category_8_B,Category_9_B,Category_10_B
244.71688238379508,240.30361394387245,44.30068101703446,Category_1_A,Category_2_B,Category_3_A,Category_4_A,Category_5_B,Category_6_B,Category_7_A,Category_8_B,Category_9_A,Category_10_B
244.74632430214805,257.8470693041145,8.80021010505875,Category_1_B,Category_2_A,Category_3_B,Category_4_B,Category_5_B,Category_6_A,Category_7_A,Category_8_A,Category_9_A,Category_10_B
149.68993850889433,156.70497674186709,-14.571926645662517,Category_1_A,Category_2_A,Category_3_A,Category_4_B,Category_5_A,Category_6_B,Category_7_A,Category_8_B,Category_9_A,Category_10_A
209.369115868222,195.17983957052635,99.7308675696148,Category_1_B,Category_2_A,Category_3_A,Category_4_A,Category_5_B,Category_6_A,Category_7_A,Category_8_B,Category_9_B,Category_10_A
152.20378342110047,144.3967305657311,13.769115685809089,Category_1_A,Category_2_B,Category_3_A,Category_4_A,Category_5_A,Category_6_A,Category_7_B,Category_8_A,Category_9_A,Category_10_B
295.8152495587641,292.48020234755666,28.394046311349378,Category_1_B,Category_2_A,Category_3_A,Category_4_A,Category_5_B,Category_6_B,Category_7_A,Category_8_B,Category_9_B,Category_10_B
306.2344691177062,305.7772326435989,27.639777794814574,Category_1_A,Category_2_A,Category_3_A,Category_4_B,Category_5_B,Category_6_B,Category_7_B,Category_8_A,Category_9_B,Category_10_B
155.62963067098167,157.1197399311517,17.60141865777746,Category_1_A,Category_2_A,Category_3_B,Category_4_A,Category_5_A,Category_6_A,Category_7_B,Category_8_B,Category_9_A,Category_10_A
247.98477695934952,256.7160296899339,-9.338568225898364,Category_1_A,Category_2_B,Category_3_A,Category_4_B,Category_5_A,Category_6_B,Category_7_B,Category_8_A,Category_9_B,Category_10_A
197.30961044922236,202.22694827444,-9.587710898379832,Category_1_A,Category_2_B,Category_3_A,Category_4_A,Category_5_B,Category_6_A,Category_7_A,Category_8_A,Category_9_B,Category_10_B
252.00232777988805,247.3237060927376,13.73719761108284,Category_1_A,Category_2_A,Category_3_A,Category_4_B,Category_5_B,Category_6_A,Category_7_B,Category_8_B,Category_9_A,Category_10_B
256.27293214048865,259.6077207987789,22.32335856589166,Category_1_B,Category_2_A,Category_3_A,Category_4_B,Category_5_A,Category_6_B,Category_7_B,Category_8_A,Category_9_B,Category_10_A
353.4959657984374,353.5753280891149,2.8871562321838256,Category_1_A,Category_2_B,Category_3_B,Category_4_B,Category_5_A,Category_6_B,Category_7_B,Category_8_B,Category_9_A,Category_10_B
141.8049341006037,149.06384183630138,69.86383806938787,Category_1_A,Category_2_A,Category_3_B,Category_4_A,Category_5_A,Category_6_A,Category_7_A,Category_8_B,Category_9_B,Category_10_A
291.1147614112911,302.89402658093604,81.6650975479639,Category_1_B,Category_2_B,Category_3_A,Category_4_B,Category_5_A,Category_6_A,Category_7_B,Category_8_A,Category_9_B,Category_10_B
205.67518385191735,206.5480295069757,15.4394684814092,Category_1_A,Category_2_B,Category_3_A,Category_4_A,Category_5_A,Category_6_B,Category_7_A,Category_8_B,Category_9_A,Category_10_B
196.00780141614672,203.1757927737621,8.650968553911559,Category_1_A,Category_2_B,Category_3_A,Category_4_B,Category_5_A,Category_6_A,Category_7_A,Category_8_B,Category_9_A,Category_10_B
292.0495441712357,307.2197914993972,52.15361514175403,Category_1_B,Category_2_A,Category_3_B,Category_4_B,Category_5_B,Category_6_B,Category_7_A,Category_8_A,Category_9_B,Category_10_A
244.8109191247005,242.80806535473715,37.689792009033056,Category_1_B,Category_2_B,Category_3_B,Category_4_A,Category_5_A,Category_6_B,Category_7_A,Category_8_A,Category_9_B,Category_10_A
255.886728248414,244.7824290062061,47.92940967508323,Category_1_A,Category_2_B,Category_3_A,Category_4_B,Category_5_A,Category_6_B,Category_7_B,Category_8_B,Category_9_A,Category_10_A
209.89624997524288,190.11265475625797,112.19339911199936,Category_1_A,Category_2_A,Category_3_A,Category_4_B,Category_5_B,Category_6_A,Category_7_B,Category_8_A,Category_9_A,Category_10_B
258.3624792101498,259.6625765646345,52.56065047490983,Category_1_A,Category_2_A,Category_3_B,Category_4_A,Category_5_B,Category_6_B,Category_7_B,Category_8_A,Category_9_A,Category_10_B
191.76118170873764,201.9265394993659,58.92207312816759,Category_1_B,Category_2_B,Category_3_B,Category_4_A,Category_5_A,Category_6_A,Category_7_A,Category_8_A,Category_9_A,Category_10_B
353.23515682652925,345.157700660979,10.466818247293418,Category_1_B,Category_2_B,Category_3_A,Category_4_A,Category_5_B,Category_6_B,Category_7_B,Category_8_A,Category_9_B,Category_10_B
147.05888893045298,142.9313087527555,19.00332526973813,Category_1_B,Category_2_A,Category_3_B,Category_4_A,Category_5_A,Category_6_B,Category_7_A,Category_8_A,Category_9_A,Category_10_A
199.50803912155163,206.1516661427779,-15.211899027252004,Category_1_B,Category_2_A,Category_3_A,Category_4_A,Category_5_A,Category_6_B,Category_7_B,Category_8_B,Category_9_A,Category_10_A
249.85016611514877,251.4759258133272,-8.541273702526315,Category_1_B,Category_2_A,Category_3_B,Category_4_B,Category_5_B,Category_6_A,Category_7_A,Category_8_B,Category_9_A,Category_10_A
297.66155290758013,290.0938429888276,26.073910965447265,Category_1_A,Category_2_B,Category_3_A,Category_4_A,Category_5_B,Category_6_B,Category_7_A,Category_8_B,Category_9_B,Category_10_B
345.73256491793313,342.98772349301936,29.33355422852321,Category_1_B,Category_2_B,Category_3_A,Category_4_B,Category_5_B,Category_6_B,Category_7_A,Category_8_B,Category_9_B,Category_10_A
152.62994963772988,157.42511064490446,-0.0690235917187012,Category_1_A,Category_2_A,Category_3_B,Category_4_A,Category_5_A,Category_6_A,Category_7_B,Category_8_A,Category_9_A,Category_10_B
247.2606263716189,251.3448495095145,2.646414769154181,Category_1_A,Category_2_B,Category_3_B,Category_4_A,Category_5_B,Category_6_A,Category_7_A,Category_8_B,Category_9_B,Category_10_A
246.68215032353163,247.83490752549085,16.40718589562454,Category_1_A,Category_2_B,Category_3_A,Category_4_A,Category_5_B,Category_6_B,Category_7_B,Category_8_A,Category_9_A,Category_10_B
194.06819915769077,209.42974368001927,17.559998867512586,Category_1_A,Category_2_B,Category_3_B,Category_4_A,Category_5_A,Category_6_B,Category_7_B,Category_8_A,Category_9_A,Category_10_A
359.2562681687972,354.1460280085452,72.17758533872495,Category_1_B,Category_2_A,Category_3_B,Category_4_B,Category_5_B,Category_6_A,Category_7_B,Category_8_B,Category_9_A,Category_10_B
198.6073567570552,206.40347813204815,-7.727653798177807,Category_1_A,Category_2_A,Category_3_A,Category_4_A,Category_5_B,Category_6_B,Category_7_B,Category_8_B,Category_9_A,Category_10_A
348.3290196080474,352.94458944900106,1.7529312292092518,Category_1_A,Category_2_B,Category_3_B,Category_4_B,Category_5_A,Category_6_B,Category_7_B,Category_8_B,Category_9_B,Category_10_A
248.67122408763692,252.307204572266,-2.6964278377116906,Category_1_A,Category_2_A,Category_3_B,Category_4_B,Category_5_B,Category_6_B,Category_7_A,Category_8_A,Category_9_A,Category_10_B
202.4139052212325,190.1247389868297,29.627898516157188,Category_1_B,Category_2_B,Category_3_B,Category_4_A,Category_5_A,Category_6_A,Category_7_A,Category_8_B,Category_9_A,Category_10_A
193.4396850293709,204.74616092011692,35.11733800525673,Category_1_B,Category_2_A,Category_3_A,Category_4_A,Category_5_A,Category_6_A,Category_7_B,Category_8_A,Category_9_B,Category_10_B
291.95027572349693,306.10158246601407,44.02740798975484,Category_1_A,Category_2_A,Category_3_A,Category_4_B,Category_5_B,Category_6_B,Category_7_B,Category_8_B,Category_9_A,Category_10_B
256.3812349375487,256.0220653472573,32.33445546445734,Category_1_B,Category_2_B,Category_3_A,Category_4_A,Category_5_B,Category_6_B,Category_7_B,Category_8_A,Category_9_A,Category_10_A
56.526535145516206,47.64108562382248,33.35433065662608,Category_1_A,Category_2_A,Category_3_A,Category_4_A,Category_5_B,Category_6_A,Category_7_A,Category_8_A,Category_9_A,Category_10_A
193.7500810946603,206.8047637638476,25.506956963263168,Category_1_A,Category_2_B,Category_3_A,Category_4_B,Category_5_A,Category_6_B,Category_7_A,Category_8_A,Category_9_B,Category_10_A
254.6570669251544,257.7788171962269,0.2784996117815463,Category_1_B,Category_2_B,Category_3_B,Category_4_A,Category_5_A,Category_6_A,Category_7_B,Category_8_B,Category_9_A,Category_10_A
295.0501466903644,298.64919320937054,17.632732327615372,Category_1_B,Category_2_A,Category_3_A,Category_4_A,Category_5_B,Category_6_B,Category_7_B,Category_8_A,Category_9_B,Category_10_B
197.0425568410985,196.7636987165792,11.114167075724309,Category_1_A,Category_2_B,Category_3_B,Category_4_A,Category_5_A,Category_6_A,Category_7_B,Category_8_A,Category_9_A,Category_10_B
259.4724198427965,247.84288370978308,86.80348683593661,Category_1_B,Category_2_A,Category_3_A,Category_4_B,Category_5_A,Category_6_A,Category_7_B,Category_8_B,Category_9_B,Category_10_A
254.7830143268579,254.59784120412803,14.793406767232971,Category_1_B,Category_2_A,Category_3_A,Category_4_A,Category_5_B,Category_6_B,Category_7_B,Category_8_A,Category_9_B,Category_10_A
308.1231662673986,294.1241693279184,75.91226548463857,Category_1_B,Category_2_B,Category_3_A,Category_4_A,Category_5_A,Category_6_B,Category_7_B,Category_8_B,Category_9_B,Category_10_A
344.67590443271536,348.63110495688227,22.682433729585,Category_1_B,Category_2_B,Category_3_B,Category_4_A,Category_5_B,Category_6_A,Category_7_A,Category_8_B,Category_9_B,Category_10_B
350.5405090724272,359.6740123236459,-27.782563841137996,Category_1_A,Category_2_B,Category_3_B,Category_4_B,Category_5_A,Category_6_B,Category_7_B,Category_8_B,Category_9_A,Category_10_B
193.83447951860447,192.0226074650041,49.26186558894274,Category_1_A,Category_2_A,Category_3_A,Category_4_A,Category_5_B,Category_6_B,Category_7_B,Category_8_B,Category_9_A,Category_10_A
207.57880431924167,200.11263352893965,63.99768428641537,Category_1_A,Category_2_A,Category_3_A,Category_4_A,Category_5_A,Category_6_B,Category_7_B,Category_8_A,Category_9_B,Category_10_B
240.9543642617786,240.8987002683956,98.2535829629478,Category_1_A,Category_2_A,Category_3_A,Category_4_B,Category_5_B,Category_6_A,Category_7_A,Category_8_B,Category_9_B,Category_10_B
206.71559794533349,200.1500960858523,48.1707869224274,Category_1_A,Category_2_B,Category_3_A,Category_4_A,Category_5_A,Category_6_B,Category_7_B,Category_8_B,Category_9_A,Category_10_A
154.35286075656484,141.2558410962987,41.74382509761893,Category_1_A,Category_2_A,Category_3_A,Category_4_A,Category_5_B,Category_6_A,Category_7_A,Category_8_B,Category_9_A,Category_10_B
358.4439379316872,340.8313090647899,90.6982988372619,Category_1_A,Category_2_A,Category_3_B,Category_4_A,Category_5_B,Category_6_B,Category_7_B,Category_8_B,Category_9_B,Category_10_B
306.3924031562463,300.1162992249673,39.138467581598846,Category_1_B,Category_2_B,Category_3_B,Category_4_A,Category_5_B,Category_6_B,Category_7_B,Category_8_A,Category_9_A,Category_10_A
43.530719783186925,57.907461448870805,28.404448076213438,Category_1_A,Category_2_A,Category_3_A,Category_4_A,Category_5_A,Category_6_A,Category_7_A,Category_8_A,Category_9_B,Category_10_A
151.7545600149328,154.80631712909977,-1.8654840540820856,Category_1_B,Category_2_A,Category_3_A,Category_4_B,Category_5_B,Category_6_A,Category_7_A,Category_8_A,Category_9_A,Category_10_A
254.9103782263535,256.7639406257068,14.89537598738611,Category_1_A,Category_2_B,Category_3_B,Category_4_A,Category_5_A,Category_6_A,Category_7_B,Category_8_B,Category_9_A,Category_10_B
