x1,x2,x3,cat1,cat2,cat3,cat4,cat5,cat6,cat7,cat8
141.95067203498903,154.14264970480957,-23.27490773211576,Category_1_A,Category_2_B,Category_3_B,Category_4_A,Category_5_B,Category_6_A,Category_7_A,Category_8_A
205.22499433349716,191.0496990718516,-1.8403838791317075,Category_1_B,Category_2_A,Category_3_A,Category_4_A,Category_5_B,Category_6_B,Category_7_A,Category_8_B
244.93875946332653,241.62252706415447,-38.13428730569561,Category_1_A,Category_2_B,Category_3_A,Category_4_A,Category_5_B,Category_6_B,Category_7_B,Category_8_B
192.7626337495264,190.23952714844148,-40.130476017714,Category_1_A,Category_2_B,Category_3_B,Category_4_B,Category_5_B,Category_6_A,Category_7_A,Category_8_A
196.62893126541863,193.92696349823723,-28.296864788225783,Category_1_B,Category_2_B,Category_3_B,Category_4_B,Category_5_A,Category_6_A,Category_7_A,Category_8_A
241.65999130013785,252.8973591988845,-17.300834997062125,Category_1_A,Category_2_A,Category_3_B,Category_4_B,Category_5_B,Category_6_A,Category_7_B,Category_8_B
303.4395416256093,295.7331928514933,3.114994308782478,Category_1_B,Category_2_B,Category_3_B,Category_4_B,Category_5_B,Category_6_A,Category_7_B,Category_8_A
206.13187596323317,205.52584048523445,27.01887577440615,Category_1_B,Category_2_B,Category_3_A,Category_4_A,Category_5_B,Category_6_B,Category_7_A,Category_8_A
209.65483829088427,205.91583864902637,32.95727909925724,Category_1_A,Category_2_B,Category_3_B,Category_4_B,Category_5_A,Category_6_B,Category_7_A,Category_8_A
352.71321469593704,348.5340390312344,9.857577215681506,Category_1_B,Category_2_B,Category_3_B,Category_4_A,Category_5_B,Category_6_B,Category_7_B,Category_8_B
144.3184651209436,145.8817378131696,-29.14952504094021,Category_1_B,Category_2_A,Category_3_B,Category_4_B,Category_5_A,Category_6_A,Category_7_A,Category_8_A
300.9805486416856,304.8808299119013,23.96043900296123,Category_1_B,Category_2_B,Category_3_B,Category_4_B,Category_5_A,Category_6_A,Category_7_B,Category_8_B
200.9111991601845,201.92063689997315,-5.611643111134049,Category_1_B,Category_2_B,Category_3_A,Category_4_A,Category_5_B,Category_6_A,Category_7_A,Category_8_B
244.68152146294003,246.33529329922808,-27.37665151151857,Category_1_B,Category_2_B,Category_3_A,Category_4_A,Category_5_B,Category_6_B,Category_7_A,Category_8_B
142.2745168601416,141.83470557277417,-41.027085380724536,Category_1_A,Category_2_A,Category_3_A,Category_4_A,Category_5_A,Category_6_B,Category_7_B,Category_8_B
199.9931853409791,191.2625720405903,-11.836788392535851,Category_1_A,Category_2_B,Category_3_A,Category_4_A,Category_5_A,Category_6_B,Category_7_B,Category_8_B
143.04216844843577,148.37569884636537,-17.75028003165808,Category_1_A,Category_2_A,Category_3_A,Category_4_A,Category_5_A,Category_6_B,Category_7_B,Category_8_B
150.6537216111454,150.4985195421838,3.2791043804569124,Category_1_A,Category_2_A,Category_3_A,Category_4_A,Category_5_B,Category_6_B,Category_7_B,Category_8_A
147.74013536893096,147.65282784581228,-10.817281768426623,Category_1_B,Category_2_A,Category_3_A,Category_4_B,Category_5_A,Category_6_A,Category_7_A,Category_8_B
153.76654766844328,145.09893208131984,5.690332386077094,Category_1_B,Category_2_B,Category_3_B,Category_4_A,Category_5_A,Category_6_A,Category_7_A,Category_8_A
297.4585431281679,293.8859437511878,-17.79548561393589,Category_1_B,Category_2_B,Category_3_A,Category_4_A,Category_5_B,Category_6_B,Category_7_B,Category_8_B
108.92320089926784,107.10503149706685,29.123404295694662,Category_1_A,Category_2_B,Category_3_A,Category_4_A,Category_5_A,Category_6_B,Category_7_A,Category_8_A
205.54715836213416,192.80532749103483,-3.0383562099658263,Category_1_B,Category_2_B,Category_3_B,Category_4_B,Category_5_A,Category_6_A,Category_7_A,Category_8_A
102.16068606134908,94.68135711732512,-4.044625129868109,Category_1_B,Category_2_A,Category_3_A,Category_4_A,Category_5_A,Category_6_A,Category_7_B,Category_8_A
152.30464073172138,157.48348181207348,22.140956979480997,Category_1_A,Category_2_B,Category_3_A,Category_4_A,Category_5_A,Category_6_A,Category_7_B,Category_8_B
202.85975202538648,195.05837211200955,-5.509351893038022,Category_1_B,Category_2_A,Category_3_A,Category_4_B,Category_5_A,Category_6_B,Category_7_B,Category_8_A
295.3696701426067,308.6457346770834,-4.823741538766484,Category_1_B,Category_2_A,Category_3_B,Category_4_B,Category_5_B,Category_6_B,Category_7_B,Category_8_A
105.00312297206452,98.6346017318381,21.908426041946488,Category_1_B,Category_2_A,Category_3_A,Category_4_A,Category_5_A,Category_6_A,Category_7_B,Category_8_A
145.73660978840306,153.95285519510347,-7.585630902327944,Category_1_A,Category_2_A,Category_3_A,Category_4_B,Category_5_B,Category_6_A,Category_7_B,Category_8_A
354.18752115652467,345.1288642628313,-5.455482569137805,Category_1_B,Category_2_B,Category_3_A,Category_4_B,Category_5_B,Category_6_B,Category_7_B,Category_8_B
291.2957355094353,309.1834084801864,-5.38548789709299,Category_1_A,Category_2_B,Category_3_B,Category_4_B,Category_5_B,Category_6_A,Category_7_B,Category_8_B
203.7971695847847,195.17869669180703,8.322681082725145,Category_1_B,Category_2_A,Category_3_A,Category_4_B,Category_5_B,Category_6_B,Category_7_A,Category_8_A
151.04335666939355,159.65914372929024,22.950922301117075,Category_1_A,Category_2_B,Category_3_B,Category_4_A,Category_5_B,Category_6_A,Category_7_A,Category_8_A
251.0765296062112,245.4824396045885,-0.2129343979098301,Category_1_B,Category_2_A,Category_3_B,Category_4_B,Category_5_B,Category_6_A,Category_7_B,Category_8_A
246.9305725958118,258.04649232828814,-4.405824479108102,Category_1_A,Category_2_B,Category_3_B,Category_4_A,Category_5_B,Category_6_B,Category_7_B,Category_8_A
143.45225920168394,149.09873180077153,-17.499328931751478,Category_1_B,Category_2_B,Category_3_A,Category_4_A,Category_5_A,Category_6_B,Category_7_A,Category_8_A
250.8386527512637,244.75475749580625,-14.054783561509872,Category_1_B,Category_2_A,Category_3_B,Category_4_B,Category_5_A,Category_6_B,Category_7_B,Category_8_A
41.035380860315485,42.34957202660805,-30.5298413297153,Category_1_A,Category_2_A,Category_3_A,Category_4_A,Category_5_A,Category_6_A,Category_7_B,Category_8_A
106.5111522680842,102.6364898524578,26.468180260650957,Category_1_B,Category_2_B,Category_3_A,Category_4_A,Category_5_A,Category_6_A,Category_7_A,Category_8_A
254.2213394046282,243.5746829711169,9.527197098141666,Category_1_A,Category_2_B,Category_3_A,Category_4_B,Category_5_B,Category_6_B,Category_7_B,Category_8_A
240.88334445325935,259.3794431648663,-1.640180387196455,Category_1_B,Category_2_A,Category_3_B,Category_4_A,Category_5_B,Category_6_B,Category_7_B,Category_8_A
291.5307312307126,305.05893230669096,-24.51049629075152,Category_1_A,Category_2_B,Category_3_B,Category_4_B,Category_5_B,Category_6_A,Category_7_B,Category_8_B
240.20687790220487,244.35787257922425,-34.57113653420049,Category_1_B,Category_2_A,Category_3_B,Category_4_A,Category_5_B,Category_6_B,Category_7_A,Category_8_B
209.88609644515884,206.32244827476023,46.92484332096983,Category_1_B,Category_2_A,Category_3_B,Category_4_A,Category_5_B,Category_6_A,Category_7_A,Category_8_B
151.98887794193854,143.80603489055534,-9.55923479160883,Category_1_A,Category_2_A,Category_3_A,Category_4_A,Category_5_B,Category_6_B,Category_7_A,Category_8_B
143.59477605529406,142.99692776577032,-40.59294935069136,Category_1_B,Category_2_A,Category_3_A,Category_4_B,Category_5_B,Category_6_A,Category_7_A,Category_8_A
147.28756803932166,143.5329032946029,-11.532218821356114,Category_1_B,Category_2_B,Category_3_B,Category_4_A,Category_5_A,Category_6_A,Category_7_A,Category_8_A
157.27673454086303,156.697370403235,37.39880630817973,Category_1_A,Category_2_B,Category_3_A,Category_4_B,Category_5_A,Category_6_B,Category_7_A,Category_8_A
249.00511001925008,248.16483013956292,-3.103531144069243,Category_1_B,Category_2_B,Category_3_A,Category_4_B,Category_5_B,Category_6_B,Category_7_A,Category_8_A
209.42739536969944,198.5001794543816,24.968503379648126,Category_1_B,Category_2_B,Category_3_A,Category_4_A,Category_5_B,Category_6_B,Category_7_A,Category_8_A
92.71319553430416,108.24201288845148,-11.721477836695875,Category_1_B,Category_2_A,Category_3_A,Category_4_A,Category_5_A,Category_6_A,Category_7_A,Category_8_B
154.31348965405562,145.91443567205914,2.849419762529683,Category_1_A,Category_2_A,Category_3_A,Category_4_B,Category_5_B,Category_6_B,Category_7_A,Category_8_A
258.4189650117453,244.44408999895728,20.2892876867078,Category_1_B,Category_2_B,Category_3_B,Category_4_A,Category_5_A,Category_6_A,Category_7_B,Category_8_B
208.7072884509572,205.2500605062354,28.763420946330506,Category_1_B,Category_2_B,Category_3_A,Category_4_B,Category_5_B,Category_6_A,Category_7_A,Category_8_A
258.7260581773585,250.8121261995313,35.40471381947904,Category_1_B,Category_2_A,Category_3_A,Category_4_B,Category_5_B,Category_6_B,Category_7_A,Category_8_B
203.45548089769224,209.49458344088328,28.43681896290312,Category_1_A,Category_2_A,Category_3_A,Category_4_B,Category_5_B,Category_6_B,Category_7_B,Category_8_A
308.7798527088546,293.49866054685936,13.056687627330398,Category_1_A,Category_2_B,Category_3_B,Category_4_A,Category_5_B,Category_6_B,Category_7_B,Category_8_B
250.48455460430796,247.02971921784592,-6.482367464511704,Category_1_A,Category_2_A,Category_3_A,Category_4_B,Category_5_B,Category_6_B,Category_7_B,Category_8_B
198.97843514003688,192.62690238364812,-9.640949519100111,Category_1_B,Category_2_A,Category_3_B,Category_4_A,Category_5_A,Category_6_B,Category_7_A,Category_8_B
190.62555173331043,195.6505574246244,-37.121978696373006,Category_1_B,Category_2_B,Category_3_A,Category_4_B,Category_5_A,Category_6_A,Category_7_B,Category_8_A
157.18208980616026,142.5185855875332,10.582232424453858,Category_1_A,Category_2_A,Category_3_B,Category_4_A,Category_5_B,Category_6_B,Category_7_A,Category_8_A
293.650575880461,306.53768271235185,-5.250282162538148,Category_1_A,Category_2_A,Category_3_B,Category_4_B,Category_5_B,Category_6_B,Category_7_B,Category_8_B
354.5661889265725,358.27261557128463,33.107290966552995,Category_1_B,Category_2_B,Category_3_B,Category_4_B,Category_5_B,Category_6_B,Category_7_B,Category_8_A
159.34736557325385,150.88726413890578,37.38280638208559,Category_1_B,Category_2_A,Category_3_A,Category_4_A,Category_5_A,Category_6_B,Category_7_B,Category_8_A
257.96631491746655,250.45438535112535,22.08213629475941,Category_1_B,Category_2_B,Category_3_A,Category_4_A,Category_5_B,Category_6_B,Category_7_A,Category_8_B
156.68743005581837,150.61013025846012,17.661353166224647,Category_1_A,Category_2_A,Category_3_A,Category_4_B,Category_5_B,Category_6_B,Category_7_A,Category_8_A
101.81015608056754,105.8483953591002,22.237200846062656,Category_1_B,Category_2_A,Category_3_A,Category_4_A,Category_5_B,Category_6_A,Category_7_A,Category_8_A
147.2291849718709,152.69029054684484,-2.762092553023933,Category_1_A,Category_2_B,Category_3_B,Category_4_B,Category_5_A,Category_6_A,Category_7_A,Category_8_A
143.29661393528036,152.05244768302117,-14.180301769161588,Category_1_B,Category_2_B,Category_3_A,Category_4_B,Category_5_A,Category_6_A,Category_7_A,Category_8_A
298.8042352088273,293.64681704929103,-16.767530516580692,Category_1_A,Category_2_B,Category_3_B,Category_4_B,Category_5_B,Category_6_A,Category_7_B,Category_8_B
305.2037304253726,291.9168846872856,-3.456812120733424,Category_1_A,Category_2_A,Category_3_B,Category_4_B,Category_5_B,Category_6_B,Category_7_B,Category_8_B
48.84547665745339,41.268820848378766,-19.376047764043687,Category_1_A,Category_2_A,Category_3_A,Category_4_B,Category_5_A,Category_6_A,Category_7_A,Category_8_A
142.61046783806694,148.42809088622622,-31.437725636473893,Category_1_B,Category_2_A,Category_3_A,Category_4_B,Category_5_A,Category_6_B,Category_7_A,Category_8_A
193.6408469063918,196.680520522243,-28.427183355373334,Category_1_A,Category_2_B,Category_3_A,Category_4_B,Category_5_A,Category_6_B,Category_7_A,Category_8_B
159.9487466489928,149.82624780434162,26.171036708684007,Category_1_A,Category_2_B,Category_3_A,Category_4_A,Category_5_A,Category_6_A,Category_7_B,Category_8_B
195.3770380280941,196.8514422238883,-12.428268586555404,Category_1_B,Category_2_A,Category_3_B,Category_4_B,Category_5_A,Category_6_A,Category_7_B,Category_8_A
157.54530433990553,149.074111602916,17.760551520925134,Category_1_B,Category_2_B,Category_3_B,Category_4_A,Category_5_A,Category_6_A,Category_7_A,Category_8_A
193.2792112044409,205.54390405417,-15.48130824605899,Category_1_B,Category_2_A,Category_3_A,Category_4_B,Category_5_B,Category_6_B,Category_7_A,Category_8_A
108.98868244045669,106.13364577745288,39.12500752931776,Category_1_A,Category_2_B,Category_3_B,Category_4_A,Category_5_A,Category_6_A,Category_7_A,Category_8_A
298.0033400235525,301.7042216490309,6.628978372145999,Category_1_B,Category_2_B,Category_3_B,Category_4_A,Category_5_A,Category_6_B,Category_7_B,Category_8_B
203.0535875760389,196.66731155518104,8.235212787697701,Category_1_B,Category_2_A,Category_3_B,Category_4_B,Category_5_A,Category_6_A,Category_7_A,Category_8_B
204.21465347246263,205.3258548695062,22.269100920088466,Category_1_B,Category_2_A,Category_3_B,Category_4_B,Category_5_A,Category_6_B,Category_7_A,Category_8_A
198.0189466413622,198.8399988013568,-10.065863618578351,Category_1_A,Category_2_B,Category_3_B,Category_4_A,Category_5_B,Category_6_B,Category_7_A,Category_8_A
158.23652680251772,140.69083857710436,6.964685565052897,Category_1_B,Category_2_B,Category_3_A,Category_4_A,Category_5_B,Category_6_A,Category_7_A,Category_8_A
191.0783578943324,197.17901523095637,-38.86390843962388,Category_1_B,Category_2_A,Category_3_A,Category_4_B,Category_5_B,Category_6_A,Category_7_A,Category_8_B
149.90408326588565,140.6980121842841,-22.97673268062269,Category_1_B,Category_2_B,Category_3_A,Category_4_A,Category_5_A,Category_6_B,Category_7_A,Category_8_A
144.99277281172942,150.84993736334667,-11.90838384080682,Category_1_A,Category_2_A,Category_3_A,Category_4_B,Category_5_B,Category_6_A,Category_7_B,Category_8_A
196.9694172316013,196.29317559972895,-23.23577017846384,Category_1_B,Category_2_A,Category_3_B,Category_4_B,Category_5_A,Category_6_B,Category_7_A,Category_8_A
104.81772343534098,96.59598078563188,12.623312246893567,Category_1_A,Category_2_A,Category_3_B,Category_4_A,Category_5_A,Category_6_A,Category_7_A,Category_8_B
297.2231401636116,297.6531452219216,-18.65466882353872,Category_1_B,Category_2_B,Category_3_A,Category_4_B,Category_5_B,Category_6_A,Category_7_B,Category_8_B
202.6148420195572,191.447350156232,-6.681080272420436,Category_1_B,Category_2_B,Category_3_A,Category_4_B,Category_5_A,Category_6_A,Category_7_B,Category_8_A
159.48461701338792,155.5876491041594,40.393007521900216,Category_1_A,Category_2_B,Category_3_A,Category_4_A,Category_5_B,Category_6_A,Category_7_B,Category_8_A
148.44336920675758,155.45071418528363,16.76652823576601,Category_1_A,Category_2_A,Category_3_B,Category_4_A,Category_5_B,Category_6_B,Category_7_A,Category_8_A
141.26539501514813,142.7646171518726,-50.74105446114466,Category_1_A,Category_2_A,Category_3_A,Category_4_A,Category_5_B,Category_6_B,Category_7_B,Category_8_A
191.5717403375807,194.26805160218663,-31.22727907534484,Category_1_B,Category_2_A,Category_3_B,Category_4_B,Category_5_B,Category_6_A,Category_7_A,Category_8_A
344.1173244688636,349.5354940159722,-22.56942107798639,Category_1_B,Category_2_B,Category_3_B,Category_4_B,Category_5_B,Category_6_B,Category_7_A,Category_8_B
95.75042872141658,102.46989463111603,-2.9511157855085406,Category_1_A,Category_2_A,Category_3_A,Category_4_B,Category_5_A,Category_6_A,Category_7_A,Category_8_B
247.6293921971294,253.95058669310447,2.196313431777554,Category_1_B,Category_2_A,Category_3_B,Category_4_A,Category_5_A,Category_6_B,Category_7_B,Category_8_B
256.7037469036392,257.62042519586504,33.67572273209972,Category_1_B,Category_2_B,Category_3_A,Category_4_B,Category_5_B,Category_6_A,Category_7_A,Category_8_B
291.6415153572299,300.58997948877936,-17.263927908511988,Category_1_B,Category_2_B,Category_3_A,Category_4_B,Category_5_B,Category_6_B,Category_7_B,Category_8_A
206.41669744472148,197.4171077800426,10.388167121567824,Category_1_B,Category_2_A,Category_3_A,Category_4_A,Category_5_A,Category_6_B,Category_7_B,Category_8_B
256.33314551323747,243.1957500851845,3.899434801074921,Category_1_B,Category_2_B,Category_3_A,Category_4_B,Category_5_B,Category_6_A,Category_7_B,Category_8_A
-3.338086010327228,-6.972241551117124,-24.64496590815675,Category_1_A,Category_2_A,Category_3_A,Category_4_A,Category_5_A,Category_6_A,Category_7_A,Category_8_A
103.51263525541168,107.18578998931588,23.993985176915785,Category_1_A,Category_2_A,Category_3_B,Category_4_A,Category_5_A,Category_6_A,Category_7_A,Category_8_B
209.66871562091552,195.5254096521656,24.930598684774942,Category_1_A,Category_2_A,Category_3_A,Category_4_A,Category_5_B,Category_6_B,Category_7_B,Category_8_B
159.18398599086498,152.5078539726183,35.14947188918362,Category_1_A,Category_2_A,Category_3_A,Category_4_A,Category_5_A,Category_6_B,Category_7_B,Category_8_B
153.3988781067091,156.47724935493662,30.409347106378583,Category_1_A,Category_2_B,Category_3_B,Category_4_B,Category_5_A,Category_6_A,Category_7_A,Category_8_A
157.85923294783294,145.0140469866858,15.827399943329109,Category_1_A,Category_2_B,Category_3_B,Category_4_A,Category_5_A,Category_6_A,Category_7_A,Category_8_B
296.9511545664767,302.8472668626464,-5.242232767106993,Category_1_B,Category_2_B,Category_3_A,Category_4_B,Category_5_A,Category_6_B,Category_7_B,Category_8_B
202.6333108753546,199.07352928480336,2.805268487457514,Category_1_B,Category_2_B,Category_3_A,Category_4_A,Category_5_A,Category_6_B,Category_7_B,Category_8_A
143.76986390376487,149.50333461604123,-18.61871435215451,Category_1_B,Category_2_B,Category_3_A,Category_4_A,Category_5_A,Category_6_A,Category_7_B,Category_8_A
46.965691227647234,46.15127168576736,-20.07891198833924,Category_1_A,Category_2_A,Category_3_A,Category_4_A,Category_5_A,Category_6_B,Category_7_A,Category_8_A
309.6955414391812,296.0072118458087,24.66032036327984,Category_1_B,Category_2_B,Category_3_A,Category_4_B,Category_5_A,Category_6_B,Category_7_B,Category_8_B
55.03262478182462,51.156641594101785,16.617680340931752,Category_1_A,Category_2_A,Category_3_B,Category_4_A,Category_5_A,Category_6_A,Category_7_A,Category_8_A
256.6612008677029,248.5763404611993,25.5404920096791,Category_1_B,Category_2_B,Category_3_A,Category_4_B,Category_5_B,Category_6_A,Category_7_B,Category_8_A
192.84061125918345,207.63595280438568,-8.020137335498436,Category_1_B,Category_2_A,Category_3_A,Category_4_B,Category_5_B,Category_6_A,Category_7_A,Category_8_B
140.2995839532646,152.83732921484744,-22.538353311144096,Category_1_B,Category_2_A,Category_3_A,Category_4_B,Category_5_A,Category_6_B,Category_7_A,Category_8_A
157.14548943702192,140.30312643507943,-4.254820992734938,Category_1_A,Category_2_A,Category_3_A,Category_4_B,Category_5_B,Category_6_B,Category_7_A,Category_8_A
254.238908851488,245.42324067115692,-2.5719589105137075,Category_1_B,Category_2_A,Category_3_A,Category_4_A,Category_5_B,Category_6_B,Category_7_B,Category_8_B
157.13080373656834,155.13114323785177,33.814189370462394,Category_1_B,Category_2_A,Category_3_A,Category_4_B,Category_5_B,Category_6_A,Category_7_A,Category_8_A
307.23208660859694,290.1536801817383,10.363400806643323,Category_1_A,Category_2_B,Category_3_B,Category_4_A,Category_5_B,Category_6_B,Category_7_B,Category_8_B
205.9160822745692,206.98590516938972,30.3911706540838,Category_1_B,Category_2_A,Category_3_B,Category_4_A,Category_5_A,Category_6_B,Category_7_A,Category_8_B
149.54208219831668,144.03674482946275,-15.753342465584154,Category_1_A,Category_2_B,Category_3_A,Category_4_B,Category_5_B,Category_6_A,Category_7_A,Category_8_A
241.86360580221665,248.45159295435596,-25.40854680154414,Category_1_B,Category_2_A,Category_3_A,Category_4_B,Category_5_B,Category_6_A,Category_7_B,Category_8_B
-3.726185706157717,0.7996791523717217,-9.583349206901392,Category_1_A,Category_2_A,Category_3_A,Category_4_A,Category_5_A,Category_6_A,Category_7_A,Category_8_A
302.8244498502549,299.9383288950851,7.077782021298477,Category_1_B,Category_2_B,Category_3_A,Category_4_A,Category_5_B,Category_6_B,Category_7_B,Category_8_B
201.6799450913213,201.8720514057038,10.501630801291268,Category_1_A,Category_2_A,Category_3_A,Category_4_B,Category_5_B,Category_6_A,Category_7_B,Category_8_B
195.34131945765017,204.07965896917452,-8.934565019902355,Category_1_A,Category_2_B,Category_3_A,Category_4_B,Category_5_B,Category_6_B,Category_7_A,Category_8_A
191.13106777135937,204.8092508716398,-8.397531556826848,Category_1_B,Category_2_A,Category_3_A,Category_4_A,Category_5_B,Category_6_B,Category_7_B,Category_8_A
158.20504223378924,146.0127831104708,22.16199153347548,Category_1_A,Category_2_A,Category_3_B,Category_4_A,Category_5_A,Category_6_B,Category_7_A,Category_8_B
296.0660936501635,297.11677054887684,-19.59699458604045,Category_1_B,Category_2_B,Category_3_B,Category_4_B,Category_5_A,Category_6_B,Category_7_B,Category_8_A
196.62858604304373,200.4909857056509,-17.5190630596046,Category_1_B,Category_2_A,Category_3_A,Category_4_A,Category_5_B,Category_6_B,Category_7_A,Category_8_B
241.13372532654435,258.83429079270104,-9.497288196642174,Category_1_A,Category_2_A,Category_3_A,Category_4_B,Category_5_B,Category_6_B,Category_7_B,Category_8_B
290.5872898728288,290.0776217458259,-50.43434879053723,Category_1_B,Category_2_B,Category_3_B,Category_4_A,Category_5_B,Category_6_B,Category_7_B,Category_8_A
92.52261742879897,93.67531372600963,-45.19507342375524,Category_1_B,Category_2_A,Category_3_A,Category_4_A,Category_5_A,Category_6_B,Category_7_A,Category_8_A
241.9920228783293,258.64527163439186,-13.428828799963949,Category_1_A,Category_2_B,Category_3_B,Category_4_A,Category_5_B,Category_6_B,Category_7_B,Category_8_A
293.2436148252148,297.2470728815241,-20.18321689013349,Category_1_B,Category_2_A,Category_3_B,Category_4_B,Category_5_A,Category_6_B,Category_7_B,Category_8_B
243.01762786792227,255.87919271481456,-8.57713363929915,Category_1_B,Category_2_B,Category_3_A,Category_4_B,Category_5_A,Category_6_B,Category_7_A,Category_8_B
246.24780802333493,257.96233968642167,6.544026576555214,Category_1_B,Category_2_B,Category_3_A,Category_4_B,Category_5_A,Category_6_B,Category_7_B,Category_8_A
151.1960123320958,143.22226906015368,-14.382885051038889,Category_1_B,Category_2_B,Category_3_A,Category_4_A,Category_5_A,Category_6_A,Category_7_B,Category_8_A
246.96087820776643,253.25711186463155,-1.0172337337839057,Category_1_B,Category_2_A,Category_3_B,Category_4_A,Category_5_B,Category_6_B,Category_7_B,Category_8_A
246.98830765495836,243.5690005824072,-26.08558029602545,Category_1_B,Category_2_A,Category_3_B,Category_4_B,Category_5_A,Category_6_A,Category_7_B,Category_8_B
152.27411107102523,155.19783399962677,20.535587708835227,Category_1_A,Category_2_A,Category_3_B,Category_4_B,Category_5_A,Category_6_A,Category_7_B,Category_8_A
241.4045928494617,251.18636113898825,-28.5701874354492,Category_1_A,Category_2_B,Category_3_A,Category_4_B,Category_5_B,Category_6_B,Category_7_B,Category_8_A
51.95141153150632,59.56041149734233,14.472234670878668,Category_1_A,Category_2_A,Category_3_A,Category_4_B,Category_5_A,Category_6_A,Category_7_A,Category_8_A
146.23796919759712,145.8050942355388,-19.75496732669693,Category_1_B,Category_2_B,Category_3_A,Category_4_B,Category_5_A,Category_6_A,Category_7_A,Category_8_A
145.0430690599996,158.6339788710816,2.4289708953022124,Category_1_B,Category_2_A,Category_3_A,Category_4_B,Category_5_A,Category_6_A,Category_7_B,Category_8_A
150.50931816941142,156.3707799539765,12.687984903856876,Category_1_B,Category_2_A,Category_3_A,Category_4_B,Category_5_A,Category_6_B,Category_7_A,Category_8_A
201.14884359541915,198.34604693070844,0.466241950809568,Category_1_A,Category_2_B,Category_3_B,Category_4_A,Category_5_B,Category_6_A,Category_7_B,Category_8_A
251.89713002971055,244.48238767201,-14.33732514316545,Category_1_B,Category_2_B,Category_3_A,Category_4_B,Category_5_B,Category_6_A,Category_7_A,Category_8_B
152.110732823325,147.93792796070056,2.0484991214004333,Category_1_A,Category_2_A,Category_3_A,Category_4_B,Category_5_A,Category_6_B,Category_7_B,Category_8_A
91.50734267225305,96.66408928486632,-33.67116541450886,Category_1_B,Category_2_A,Category_3_A,Category_4_B,Category_5_A,Category_6_A,Category_7_A,Category_8_A
101.19435925671132,108.82102746933624,23.237366964901767,Category_1_A,Category_2_B,Category_3_B,Category_4_A,Category_5_A,Category_6_A,Category_7_A,Category_8_A
147.7529689807779,149.22265891884356,-0.5583453612193843,Category_1_A,Category_2_A,Category_3_B,Category_4_A,Category_5_B,Category_6_B,Category_7_A,Category_8_A
244.1475685018764,249.7619881547983,-18.11518478549197,Category_1_B,Category_2_B,Category_3_B,Category_4_B,Category_5_A,Category_6_A,Category_7_B,Category_8_A
197.5978239397525,203.02314773248395,5.201525844463351,Category_1_A,Category_2_A,Category_3_B,Category_4_B,Category_5_B,Category_6_A,Category_7_B,Category_8_A
143.67232828945072,156.12979821345272,-8.998930864709358,Category_1_A,Category_2_A,Category_3_A,Category_4_A,Category_5_B,Category_6_B,Category_7_A,Category_8_B
149.72724794075492,151.67600426419878,2.889173040965424,Category_1_A,Category_2_B,Category_3_B,Category_4_A,Category_5_B,Category_6_A,Category_7_A,Category_8_A
291.21053134910807,297.30511602946814,-32.67863274211763,Category_1_B,Category_2_B,Category_3_B,Category_4_A,Category_5_B,Category_6_B,Category_7_A,Category_8_B
140.8483826725936,147.20234917387114,-41.888401498117545,Category_1_A,Category_2_B,Category_3_B,Category_4_B,Category_5_A,Category_6_A,Category_7_A,Category_8_A
203.3420701774185,208.88477716625871,31.97656537964377,Category_1_B,Category_2_A,Category_3_A,Category_4_B,Category_5_B,Category_6_A,Category_7_A,Category_8_B
191.40158506948805,201.6538361736683,-15.086843583508864,Category_1_A,Category_2_A,Category_3_A,Category_4_B,Category_5_B,Category_6_B,Category_7_B,Category_8_A
251.8742986196103,259.0962806232678,28.40591789215028,Category_1_B,Category_2_B,Category_3_A,Category_4_B,Category_5_B,Category_6_A,Category_7_B,Category_8_A
154.8958112556731,155.21664976919135,25.658160674938824,Category_1_A,Category_2_A,Category_3_B,Category_4_A,Category_5_A,Category_6_B,Category_7_A,Category_8_B
56.93992497861555,41.611053635061694,8.542619071998823,Category_1_A,Category_2_A,Category_3_A,Category_4_A,Category_5_A,Category_6_B,Category_7_A,Category_8_A
200.24207360348785,202.69135531190972,5.254455069988227,Category_1_B,Category_2_A,Category_3_B,Category_4_A,Category_5_B,Category_6_A,Category_7_B,Category_8_A
192.49791421478744,200.8852504493773,-30.034201717520283,Category_1_B,Category_2_A,Category_3_B,Category_4_B,Category_5_A,Category_6_B,Category_7_A,Category_8_A
244.6742134671445,257.9009716022551,2.8510689098687703,Category_1_B,Category_2_B,Category_3_B,Category_4_A,Category_5_A,Category_6_B,Category_7_A,Category_8_B
195.4549141335156,198.4016727968436,-25.925731285933225,Category_1_A,Category_2_A,Category_3_A,Category_4_B,Category_5_A,Category_6_B,Category_7_B,Category_8_B
206.661213136603,205.9921281630953,37.088068436631474,Category_1_B,Category_2_A,Category_3_B,Category_4_A,Category_5_A,Category_6_B,Category_7_B,Category_8_A
305.1661647699797,292.4220936465985,0.6333673189278552,Category_1_B,Category_2_B,Category_3_B,Category_4_B,Category_5_A,Category_6_A,Category_7_B,Category_8_B
95.19269555584371,92.87730235970626,-28.134818424354528,Category_1_A,Category_2_A,Category_3_A,Category_4_B,Category_5_B,Category_6_A,Category_7_A,Category_8_A
107.42754368833292,90.91369031757884,5.959029912483778,Category_1_A,Category_2_A,Category_3_A,Category_4_B,Category_5_A,Category_6_A,Category_7_B,Category_8_A
244.8837669315388,251.9415177812319,-16.745800907253557,Category_1_A,Category_2_B,Category_3_B,Category_4_B,Category_5_B,Category_6_B,Category_7_A,Category_8_A
191.00654834250477,195.264871654344,-34.4464321116727,Category_1_A,Category_2_A,Category_3_A,Category_4_B,Category_5_A,Category_6_B,Category_7_B,Category_8_B
250.4152376188472,259.1442948007318,19.93669175983435,Category_1_A,Category_2_B,Category_3_A,Category_4_B,Category_5_B,Category_6_B,Category_7_B,Category_8_A
99.55246901665606,90.6243669824333,-12.854278002711808,Category_1_A,Category_2_A,Category_3_B,Category_4_A,Category_5_A,Category_6_A,Category_7_A,Category_8_B
257.965874026674,247.7392975328065,19.71255473245936,Category_1_A,Category_2_B,Category_3_B,Category_4_B,Category_5_B,Category_6_A,Category_7_B,Category_8_A
296.88354163508353,297.3836953542075,-10.406014332078607,Category_1_B,Category_2_B,Category_3_B,Category_4_A,Category_5_A,Category_6_B,Category_7_B,Category_8_B
106.94103017511486,95.2761689758694,14.03248277821817,Category_1_B,Category_2_A,Category_3_A,Category_4_A,Category_5_B,Category_6_A,Category_7_A,Category_8_A
141.6406366779429,147.29765928062432,-27.33542841692132,Category_1_B,Category_2_B,Category_3_A,Category_4_B,Category_5_A,Category_6_A,Category_7_A,Category_8_A
92.12659124425213,106.16146296156232,-0.9872516105487924,Category_1_A,Category_2_A,Category_3_B,Category_4_B,Category_5_A,Category_6_A,Category_7_A,Category_8_A
155.68625831735227,142.24866035638445,2.361670508975716,Category_1_A,Category_2_A,Category_3_B,Category_4_A,Category_5_A,Category_6_B,Category_7_B,Category_8_A
207.2883443831224,194.1162517459353,4.000679228926275,Category_1_A,Category_2_A,Category_3_A,Category_4_B,Category_5_B,Category_6_B,Category_7_B,Category_8_A
147.29751960964086,154.52305167040595,4.326511056245966,Category_1_B,Category_2_A,Category_3_B,Category_4_A,Category_5_A,Category_6_B,Category_7_A,Category_8_A
241.9667206238856,255.9908753651893,-10.008476990214898,Category_1_A,Category_2_B,Category_3_B,Category_4_B,Category_5_A,Category_6_A,Category_7_B,Category_8_B
207.1727187958127,200.66121789934363,18.64572800287293,Category_1_A,Category_2_B,Category_3_A,Category_4_A,Category_5_A,Category_6_B,Category_7_B,Category_8_B
242.20210104341052,247.30713930933976,-29.22760560162544,Category_1_A,Category_2_B,Category_3_B,Category_4_B,Category_5_B,Category_6_B,Category_7_A,Category_8_A
192.3318565297463,199.57022099326625,-21.51247767758553,Category_1_B,Category_2_B,Category_3_B,Category_4_A,Category_5_A,Category_6_A,Category_7_A,Category_8_B
98.50005754496289,91.8163288835841,-14.899431285161617,Category_1_B,Category_2_A,Category_3_A,Category_4_A,Category_5_B,Category_6_A,Category_7_A,Category_8_A
240.54946016403744,252.7869294352772,-20.515065707832644,Category_1_A,Category_2_B,Category_3_B,Category_4_A,Category_5_A,Category_6_B,Category_7_B,Category_8_B
292.47198050442427,302.7976809229143,-17.734270796634426,Category_1_A,Category_2_B,Category_3_A,Category_4_B,Category_5_B,Category_6_B,Category_7_B,Category_8_B
240.3506862948613,251.5632114634027,-33.78784146060727,Category_1_B,Category_2_B,Category_3_B,Category_4_A,Category_5_B,Category_6_A,Category_7_B,Category_8_A
198.23218632134476,190.6699209774968,-20.176509861259,Category_1_B,Category_2_B,Category_3_A,Category_4_A,Category_5_B,Category_6_B,Category_7_A,Category_8_A
49.44919578782961,48.1051765540441,-15.792725978810966,Category_1_A,Category_2_A,Category_3_B,Category_4_A,Category_5_A,Category_6_A,Category_7_A,Category_8_A
141.6536344921748,151.10454323972115,-23.13664143394121,Category_1_A,Category_2_A,Category_3_A,Category_4_B,Category_5_B,Category_6_A,Category_7_A,Category_8_B
194.3161545996712,192.14177372544972,-34.93153079359911,Category_1_A,Category_2_A,Category_3_A,Category_4_B,Category_5_B,Category_6_A,Category_7_B,Category_8_B
205.15405582236176,205.88161513843917,28.180050441554695,Category_1_B,Category_2_A,Category_3_A,Category_4_A,Category_5_B,Category_6_B,Category_7_A,Category_8_B
93.9472978980112,91.34131789498213,-34.97142251158437,Category_1_A,Category_2_A,Category_3_A,Category_4_B,Category_5_A,Category_6_A,Category_7_A,Category_8_B
298.8923769550322,298.3311117595158,-8.369710395265946,Category_1_A,Category_2_B,Category_3_B,Category_4_B,Category_5_A,Category_6_B,Category_7_B,Category_8_B
146.66834127228634,155.52756090013418,-0.1390082887479709,Category_1_B,Category_2_A,Category_3_A,Category_4_B,Category_5_A,Category_6_A,Category_7_A,Category_8_B
194.50391416633565,196.7299582614936,-23.63692830043406,Category_1_A,Category_2_A,Category_3_B,Category_4_B,Category_5_B,Category_6_B,Category_7_A,Category_8_A
296.3057419441216,305.2570665822707,-3.5507341505017984,Category_1_B,Category_2_B,Category_3_B,Category_4_A,Category_5_B,Category_6_B,Category_7_B,Category_8_A
192.96058038556248,200.44324417980047,-24.361769744228475,Category_1_A,Category_2_A,Category_3_B,Category_4_A,Category_5_B,Category_6_B,Category_7_A,Category_8_B
302.83438781039706,293.1427292400855,-8.190174995707201,Category_1_B,Category_2_B,Category_3_B,Category_4_A,Category_5_B,Category_6_B,Category_7_A,Category_8_B
150.5287537686176,146.1148337569416,-6.5211811262919,Category_1_B,Category_2_A,Category_3_A,Category_4_A,Category_5_B,Category_6_A,Category_7_A,Category_8_B
193.8522467226816,201.1217052792971,-18.03752719303111,Category_1_A,Category_2_A,Category_3_B,Category_4_A,Category_5_B,Category_6_B,Category_7_A,Category_8_B
209.60656695406144,194.14481675955335,9.145992636249414,Category_1_A,Category_2_A,Category_3_B,Category_4_A,Category_5_A,Category_6_B,Category_7_B,Category_8_B
243.08033110695527,258.7975677162853,-1.9349772013416324,Category_1_B,Category_2_B,Category_3_A,Category_4_A,Category_5_B,Category_6_B,Category_7_A,Category_8_B
257.0548916524157,255.7934813073882,34.899058633610395,Category_1_B,Category_2_A,Category_3_B,Category_4_B,Category_5_B,Category_6_A,Category_7_A,Category_8_B
253.2817003483575,258.62920244996315,18.653139907201982,Category_1_B,Category_2_A,Category_3_B,Category_4_A,Category_5_B,Category_6_B,Category_7_B,Category_8_A
244.6425407483629,240.2284999077281,-33.44737525322763,Category_1_B,Category_2_B,Category_3_B,Category_4_B,Category_5_A,Category_6_A,Category_7_B,Category_8_A
204.9260052698017,196.9714872131224,8.63670153857936,Category_1_A,Category_2_B,Category_3_B,Category_4_B,Category_5_A,Category_6_A,Category_7_A,Category_8_B
41.14272256857004,40.89106440590193,-39.21766078550287,Category_1_A,Category_2_B,Category_3_A,Category_4_A,Category_5_A,Category_6_A,Category_7_A,Category_8_A
299.80517841915474,302.8344118137689,5.2812560870998375,Category_1_A,Category_2_B,Category_3_B,Category_4_B,Category_5_B,Category_6_B,Category_7_A,Category_8_B
299.68376193794603,294.4543236385302,-12.45521727777818,Category_1_A,Category_2_B,Category_3_B,Category_4_B,Category_5_B,Category_6_B,Category_7_B,Category_8_A
201.90830251661583,202.0630357005913,12.393215531873606,Category_1_B,Category_2_B,Category_3_A,Category_4_A,Category_5_B,Category_6_A,Category_7_B,Category_8_A
141.8486105592869,154.20918315501163,-14.233649882853166,Category_1_B,Category_2_A,Category_3_A,Category_4_B,Category_5_B,Category_6_A,Category_7_A,Category_8_A
208.78383037273235,197.3916967884844,19.44733964826339,Category_1_B,Category_2_A,Category_3_A,Category_4_A,Category_5_B,Category_6_A,Category_7_B,Category_8_B
259.0714037108304,241.5803425962293,13.157777115966546,Category_1_A,Category_2_B,Category_3_A,Category_4_B,Category_5_B,Category_6_A,Category_7_B,Category_8_B
150.4755457567039,149.08702833232394,6.340528989157877,Category_1_B,Category_2_A,Category_3_B,Category_4_A,Category_5_B,Category_6_A,Category_7_A,Category_8_A
203.1927742591085,203.9351129376256,23.151564367457297,Category_1_A,Category_2_A,Category_3_B,Category_4_B,Category_5_A,Category_6_A,Category_7_B,Category_8_B
99.5869902503618,106.25437400790788,12.52080046430423,Category_1_A,Category_2_A,Category_3_B,Category_4_A,Category_5_A,Category_6_B,Category_7_A,Category_8_A
249.9839068355867,259.9354204284092,20.554107877146716,Category_1_A,Category_2_B,Category_3_B,Category_4_B,Category_5_A,Category_6_B,Category_7_B,Category_8_A
246.8739795394643,259.32061617518,7.656765470740862,Category_1_B,Category_2_A,Category_3_A,Category_4_B,Category_5_B,Category_6_A,Category_7_B,Category_8_B
205.64225122454332,208.2154157286613,30.86660368756074,Category_1_B,Category_2_A,Category_3_B,Category_4_A,Category_5_B,Category_6_A,Category_7_B,Category_8_A
92.78174159715044,95.38868651160108,-32.17718937315578,Category_1_A,Category_2_A,Category_3_B,Category_4_A,Category_5_A,Category_6_A,Category_7_B,Category_8_A
259.1508234598735,251.8140327664844,19.981136115818423,Category_1_B,Category_2_B,Category_3_A,Category_4_A,Category_5_A,Category_6_B,Category_7_B,Category_8_B
156.82154913939803,154.0571742160679,32.94145220708704,Category_1_A,Category_2_B,Category_3_A,Category_4_B,Category_5_A,Category_6_B,Category_7_A,Category_8_A
241.8252425227361,259.6529456008884,-5.1324814255527205,Category_1_B,Category_2_A,Category_3_B,Category_4_B,Category_5_B,Category_6_A,Category_7_A,Category_8_B
298.5958248514419,295.5860813869838,-10.925556084362476,Category_1_B,Category_2_B,Category_3_B,Category_4_A,Category_5_A,Category_6_B,Category_7_B,Category_8_B
142.05906506878458,149.96923605682906,-25.0551642892672,Category_1_A,Category_2_A,Category_3_B,Category_4_B,Category_5_A,Category_6_A,Category_7_A,Category_8_B
196.9262514926241,195.42376991769837,-22.77670201712618,Category_1_B,Category_2_B,Category_3_A,Category_4_A,Category_5_A,Category_6_B,Category_7_B,Category_8_A
203.88966898375813,202.2032060231908,17.005009363268478,Category_1_A,Category_2_B,Category_3_B,Category_4_A,Category_5_B,Category_6_A,Category_7_A,Category_8_B
298.34410727721706,292.6163184077268,-22.95533387447064,Category_1_B,Category_2_B,Category_3_A,Category_4_B,Category_5_B,Category_6_B,Category_7_A,Category_8_B
143.056488000091,152.90796311391898,-21.020354477585773,Category_1_B,Category_2_A,Category_3_A,Category_4_B,Category_5_A,Category_6_B,Category_7_A,Category_8_A
254.8659707964254,257.6861756315358,21.49685554591557,Category_1_B,Category_2_B,Category_3_A,Category_4_B,Category_5_A,Category_6_B,Category_7_B,Category_8_A
99.15500184104006,101.99697848724452,-3.483078862903884,Category_1_A,Category_2_A,Category_3_B,Category_4_A,Category_5_A,Category_6_B,Category_7_A,Category_8_A
192.55725606269755,199.77858195784123,-11.402120384827183,Category_1_B,Category_2_A,Category_3_A,Category_4_B,Category_5_B,Category_6_A,Category_7_B,Category_8_A
197.96605989666944,191.19739348215015,-26.250401283694146,Category_1_A,Category_2_B,Category_3_A,Category_4_B,Category_5_B,Category_6_A,Category_7_A,Category_8_B
94.0773538813178,99.04875982460716,-17.446206469806363,Category_1_B,Category_2_A,Category_3_A,Category_4_A,Category_5_A,Category_6_B,Category_7_A,Category_8_A
151.9407045935786,159.0742614621206,18.60418556226612,Category_1_B,Category_2_A,Category_3_B,Category_4_A,Category_5_A,Category_6_B,Category_7_A,Category_8_A
108.81541710960708,104.62578089605628,39.50226806523416,Category_1_A,Category_2_A,Category_3_B,Category_4_A,Category_5_A,Category_6_B,Category_7_A,Category_8_A
98.45111939304036,92.24240266426774,-24.75215377843047,Category_1_A,Category_2_A,Category_3_B,Category_4_A,Category_5_A,Category_6_A,Category_7_B,Category_8_A
256.0906618239362,253.0374594805003,35.063296212300465,Category_1_B,Category_2_A,Category_3_A,Category_4_B,Category_5_A,Category_6_B,Category_7_B,Category_8_B
355.951440735486,355.40426961810203,32.634554486026495,Category_1_A,Category_2_B,Category_3_B,Category_4_B,Category_5_B,Category_6_B,Category_7_B,Category_8_B
195.7306457904371,203.9005843690887,0.4687580887576832,Category_1_B,Category_2_B,Category_3_A,Category_4_A,Category_5_A,Category_6_B,Category_7_B,Category_8_A
202.03518175284236,204.93309502466545,9.263213297946692,Category_1_B,Category_2_A,Category_3_B,Category_4_B,Category_5_A,Category_6_A,Category_7_B,Category_8_A
201.1719246219128,196.97369607748257,-4.058943469379795,Category_1_B,Category_2_B,Category_3_B,Category_4_B,Category_5_A,Category_6_A,Category_7_A,Category_8_A
196.863646082744,203.2476582454252,-6.799127630733264,Category_1_B,Category_2_A,Category_3_A,Category_4_A,Category_5_B,Category_6_A,Category_7_B,Category_8_B
152.6005540383534,143.2438256130864,-2.0166179527548294,Category_1_A,Category_2_B,Category_3_B,Category_4_B,Category_5_A,Category_6_A,Category_7_A,Category_8_A
147.30666472907484,156.383621204607,0.5215138855804371,Category_1_A,Category_2_B,Category_3_A,Category_4_A,Category_5_A,Category_6_B,Category_7_A,Category_8_B
207.9379812217689,194.67349955701195,21.60668301651692,Category_1_A,Category_2_B,Category_3_B,Category_4_A,Category_5_A,Category_6_B,Category_7_A,Category_8_B
254.64723725880972,254.78771065412624,24.538165689621312,Category_1_B,Category_2_A,Category_3_A,Category_4_B,Category_5_B,Category_6_A,Category_7_B,Category_8_B
352.2983977853452,345.961667299488,-7.486318977047992,Category_1_B,Category_2_B,Category_3_B,Category_4_A,Category_5_B,Category_6_B,Category_7_B,Category_8_B
206.7575893218644,208.69196186451677,39.41954559800485,Category_1_A,Category_2_B,Category_3_B,Category_4_B,Category_5_A,Category_6_A,Category_7_A,Category_8_B
103.58789252065122,104.05393970249726,15.251235665852525,Category_1_A,Category_2_A,Category_3_A,Category_4_B,Category_5_A,Category_6_B,Category_7_A,Category_8_A
304.403338753238,300.6123311794663,15.469422897278452,Category_1_A,Category_2_A,Category_3_B,Category_4_B,Category_5_B,Category_6_B,Category_7_B,Category_8_B
205.49996971714748,208.1717475598039,35.499349093756344,Category_1_B,Category_2_A,Category_3_A,Category_4_A,Category_5_A,Category_6_B,Category_7_B,Category_8_B
154.4856686487945,157.63083739405724,27.696264684998805,Category_1_B,Category_2_A,Category_3_A,Category_4_A,Category_5_B,Category_6_B,Category_7_A,Category_8_A
196.9142118838465,199.87770964449064,-13.321041501764824,Category_1_A,Category_2_B,Category_3_A,Category_4_B,Category_5_B,Category_6_B,Category_7_A,Category_8_A
144.6286014949297,151.41443425178693,-8.70053574620615,Category_1_B,Category_2_A,Category_3_A,Category_4_B,Category_5_A,Category_6_A,Category_7_A,Category_8_B
344.0198676600687,359.8767234264086,-6.900419869159869,Category_1_B,Category_2_A,Category_3_B,Category_4_B,Category_5_B,Category_6_B,Category_7_B,Category_8_B
107.11662847739905,96.63474587874823,25.166484535690422,Category_1_A,Category_2_B,Category_3_A,Category_4_A,Category_5_A,Category_6_A,Category_7_B,Category_8_A
254.63483829502317,246.53802593092396,5.002545216525981,Category_1_A,Category_2_A,Category_3_B,Category_4_B,Category_5_B,Category_6_B,Category_7_B,Category_8_A
200.85681842519625,190.6964681996536,-14.580228599132653,Category_1_B,Category_2_A,Category_3_B,Category_4_A,Category_5_A,Category_6_B,Category_7_B,Category_8_A
94.05283620397492,107.34462729804022,-3.9923586012212895,Category_1_A,Category_2_A,Category_3_B,Category_4_A,Category_5_B,Category_6_A,Category_7_A,Category_8_A
300.60741213514336,295.9389242832208,-5.756127432504859,Category_1_B,Category_2_B,Category_3_B,Category_4_B,Category_5_B,Category_6_A,Category_7_A,Category_8_B
296.09862612396773,304.7346424356712,-1.5250158018668656,Category_1_B,Category_2_B,Category_3_B,Category_4_A,Category_5_B,Category_6_B,Category_7_A,Category_8_B
256.4559531890006,250.06297108474013,20.26190154414999,Category_1_B,Category_2_A,Category_3_B,Category_4_A,Category_5_B,Category_6_B,Category_7_A,Category_8_B
101.70848631251636,99.78138810486918,11.301620497694229,Category_1_B,Category_2_A,Category_3_A,Category_4_A,Category_5_A,Category_6_A,Category_7_A,Category_8_B
54.526413943177566,51.64813637895445,16.390162537319455,Category_1_A,Category_2_A,Category_3_B,Category_4_A,Category_5_A,Category_6_A,Category_7_A,Category_8_A
293.678851608625,297.01206385502434,-17.911373559753507,Category_1_B,Category_2_B,Category_3_B,Category_4_B,Category_5_A,Category_6_A,Category_7_B,Category_8_B
90.12162369910703,96.52811639117934,-47.3576027373679,Category_1_B,Category_2_A,Category_3_A,Category_4_A,Category_5_A,Category_6_B,Category_7_A,Category_8_A
194.76164631740588,207.68111633294,4.769394569897806,Category_1_B,Category_2_A,Category_3_B,Category_4_A,Category_5_A,Category_6_B,Category_7_A,Category_8_B
293.40151462757217,302.12016652102227,-8.076021164399046,Category_1_B,Category_2_B,Category_3_B,Category_4_B,Category_5_B,Category_6_B,Category_7_A,Category_8_A
155.04909173230573,143.56010536134974,-4.678027987794789,Category_1_B,Category_2_A,Category_3_A,Category_4_A,Category_5_B,Category_6_A,Category_7_A,Category_8_B
206.9981232073704,205.92851233281152,38.95439162596189,Category_1_A,Category_2_B,Category_3_A,Category_4_B,Category_5_B,Category_6_A,Category_7_B,Category_8_A
297.7655268186138,295.2990947570908,-12.79605571232417,Category_1_B,Category_2_B,Category_3_B,Category_4_B,Category_5_B,Category_6_A,Category_7_A,Category_8_B
146.76190760256824,156.66261657293936,9.538501904182386,Category_1_A,Category_2_B,Category_3_A,Category_4_B,Category_5_A,Category_6_A,Category_7_A,Category_8_B
140.2160634792121,143.61015637914906,-44.92639712496968,Category_1_B,Category_2_A,Category_3_A,Category_4_B,Category_5_A,Category_6_B,Category_7_A,Category_8_A
95.4500289063214,104.93478132626824,-8.124184674345122,Category_1_A,Category_2_B,Category_3_A,Category_4_A,Category_5_A,Category_6_A,Category_7_B,Category_8_A
156.3539083283449,145.8422426403461,7.208487409066297,Category_1_B,Category_2_A,Category_3_B,Category_4_A,Category_5_B,Category_6_A,Category_7_A,Category_8_A
243.06465055310596,241.22641863047303,-35.767085372594025,Category_1_A,Category_2_B,Category_3_B,Category_4_A,Category_5_A,Category_6_B,Category_7_B,Category_8_B
254.33367904604285,244.60573717680887,0.1148171753752382,Category_1_B,Category_2_B,Category_3_A,Category_4_B,Category_5_B,Category_6_A,Category_7_B,Category_8_A
209.88540880231176,193.8338884480808,14.402182203285642,Category_1_A,Category_2_A,Category_3_A,Category_4_A,Category_5_B,Category_6_B,Category_7_B,Category_8_B
192.2711152565761,197.52511925304177,-27.71700282090788,Category_1_B,Category_2_A,Category_3_A,Category_4_B,Category_5_A,Category_6_A,Category_7_B,Category_8_B
250.1023846651486,248.5473891627621,-8.697975296084293,Category_1_B,Category_2_A,Category_3_B,Category_4_A,Category_5_B,Category_6_B,Category_7_B,Category_8_A
202.0496532826673,193.04141129672823,-20.99031943060196,Category_1_A,Category_2_B,Category_3_B,Category_4_A,Category_5_B,Category_6_A,Category_7_A,Category_8_B
147.3220307075483,146.4123595518617,-25.734425780918592,Category_1_B,Category_2_A,Category_3_B,Category_4_A,Category_5_A,Category_6_A,Category_7_A,Category_8_B
259.8246280859857,248.1445447962043,35.62235018605112,Category_1_A,Category_2_B,Category_3_B,Category_4_A,Category_5_A,Category_6_B,Category_7_B,Category_8_B
242.10394378227997,250.7455593663744,-20.19715341049851,Category_1_A,Category_2_B,Category_3_B,Category_4_B,Category_5_B,Category_6_A,Category_7_B,Category_8_A
243.7509299838185,257.20475766653163,5.236666523549644,Category_1_B,Category_2_A,Category_3_B,Category_4_B,Category_5_B,Category_6_B,Category_7_A,Category_8_A
98.64651674509528,102.30036408088412,-2.2261813674948447,Category_1_A,Category_2_B,Category_3_A,Category_4_A,Category_5_A,Category_6_A,Category_7_B,Category_8_A
95.04941672365403,105.5501107425644,-4.287734744369941,Category_1_A,Category_2_A,Category_3_A,Category_4_A,Category_5_B,Category_6_A,Category_7_A,Category_8_B
299.5936313362929,306.4714966470908,18.18344903207459,Category_1_B,Category_2_B,Category_3_B,Category_4_A,Category_5_A,Category_6_B,Category_7_B,Category_8_B
207.72982478202704,195.0500219488773,28.831741960889687,Category_1_A,Category_2_B,Category_3_A,Category_4_B,Category_5_A,Category_6_A,Category_7_B,Category_8_B
-3.282207877459236,-6.296115917369045,-23.29944266608545,Category_1_A,Category_2_A,Category_3_A,Category_4_A,Category_5_A,Category_6_A,Category_7_A,Category_8_A
58.46766372683236,45.66430636765918,10.581697393704165,Category_1_A,Category_2_A,Category_3_A,Category_4_A,Category_5_A,Category_6_B,Category_7_A,Category_8_A
193.7617145007821,190.1781757270688,-52.92313885765603,Category_1_A,Category_2_A,Category_3_B,Category_4_B,Category_5_B,Category_6_A,Category_7_A,Category_8_B
255.88673128189555,257.20143244215086,37.7875787199576,Category_1_A,Category_2_B,Category_3_B,Category_4_B,Category_5_B,Category_6_B,Category_7_A,Category_8_A
42.41491186501445,56.42173004240574,-14.5515084057708,Category_1_A,Category_2_A,Category_3_A,Category_4_A,Category_5_A,Category_6_A,Category_7_A,Category_8_B
190.4650326711408,207.18183343538345,-13.91538447592128,Category_1_B,Category_2_B,Category_3_B,Category_4_A,Category_5_B,Category_6_A,Category_7_A,Category_8_A
142.02358330040312,145.58725335531534,-33.4401921953819,Category_1_A,Category_2_A,Category_3_A,Category_4_B,Category_5_B,Category_6_A,Category_7_A,Category_8_B
206.71184785211125,195.80135597012745,6.34218503632185,Category_1_A,Category_2_A,Category_3_A,Category_4_B,Category_5_B,Category_6_A,Category_7_B,Category_8_B
203.4427799131012,190.12684895890052,-8.098972227372222,Category_1_B,Category_2_B,Category_3_B,Category_4_A,Category_5_A,Category_6_B,Category_7_A,Category_8_A
253.45305190631376,252.3760868686743,14.349365695096488,Category_1_B,Category_2_A,Category_3_A,Category_4_B,Category_5_B,Category_6_A,Category_7_B,Category_8_B
142.3835413507829,147.12373642255005,-24.94801738056222,Category_1_A,Category_2_A,Category_3_A,Category_4_A,Category_5_B,Category_6_B,Category_7_A,Category_8_B
205.31497103164648,204.54635599392657,30.177466455857758,Category_1_B,Category_2_A,Category_3_B,Category_4_B,Category_5_A,Category_6_B,Category_7_A,Category_8_A
48.76842342957569,56.6512269647933,7.929623523860397,Category_1_B,Category_2_A,Category_3_A,Category_4_A,Category_5_A,Category_6_A,Category_7_A,Category_8_A
145.70608211701366,148.7818458126505,-9.44924523054371,Category_1_B,Category_2_A,Category_3_B,Category_4_A,Category_5_B,Category_6_A,Category_7_A,Category_8_A
355.92961792010703,359.4452843168094,37.421878388460414,Category_1_B,Category_2_B,Category_3_A,Category_4_B,Category_5_B,Category_6_B,Category_7_B,Category_8_B
249.5879279191538,249.9001323715076,-2.0445608565478564,Category_1_A,Category_2_B,Category_3_B,Category_4_B,Category_5_A,Category_6_A,Category_7_B,Category_8_B
154.71292247197715,152.09344192981823,18.72674072823496,Category_1_B,Category_2_B,Category_3_A,Category_4_A,Category_5_B,Category_6_A,Category_7_A,Category_8_A
148.293134196337,144.83059843482687,-14.481805427216369,Category_1_A,Category_2_A,Category_3_A,Category_4_A,Category_5_B,Category_6_B,Category_7_B,Category_8_A
242.1991269411595,257.02973831432905,-13.85910295288593,Category_1_B,Category_2_A,Category_3_B,Category_4_B,Category_5_A,Category_6_B,Category_7_B,Category_8_A
194.05434551565037,193.7633002063185,-31.555470289686014,Category_1_A,Category_2_B,Category_3_A,Category_4_A,Category_5_B,Category_6_B,Category_7_A,Category_8_B
190.1043541310752,199.21467151557027,-29.34298349600642,Category_1_A,Category_2_B,Category_3_B,Category_4_B,Category_5_A,Category_6_A,Category_7_A,Category_8_B
244.59041098489777,250.74110019098552,-8.97099171944258,Category_1_B,Category_2_B,Category_3_B,Category_4_B,Category_5_B,Category_6_A,Category_7_A,Category_8_A
205.65437408970212,202.5095022636454,19.26838417281837,Category_1_A,Category_2_B,Category_3_A,Category_4_B,Category_5_B,Category_6_A,Category_7_B,Category_8_A
292.5667183380121,291.80808836259337,-40.25402897640053,Category_1_B,Category_2_A,Category_3_B,Category_4_B,Category_5_B,Category_6_B,Category_7_B,Category_8_A
207.7278109989582,204.3796545088641,32.0802530539921,Category_1_B,Category_2_B,Category_3_A,Category_4_B,Category_5_B,Category_6_A,Category_7_A,Category_8_A
405.27963756871526,399.2871427019112,21.952184870842824,Category_1_B,Category_2_B,Category_3_B,Category_4_B,Category_5_B,Category_6_B,Category_7_B,Category_8_B
199.90670156011407,197.5142178629409,-8.874046595297132,Category_1_B,Category_2_A,Category_3_B,Category_4_A,Category_5_A,Category_6_A,Category_7_B,Category_8_B
157.08957431318024,142.9716121999894,9.772146628077996,Category_1_A,Category_2_B,Category_3_A,Category_4_A,Category_5_A,Category_6_A,Category_7_B,Category_8_B
343.187513617024,343.852107865185,-36.19257840001154,Category_1_B,Category_2_B,Category_3_A,Category_4_B,Category_5_B,Category_6_B,Category_7_B,Category_8_B
208.5894960564073,196.66550685329256,17.929506421588158,Category_1_A,Category_2_A,Category_3_A,Category_4_B,Category_5_B,Category_6_A,Category_7_B,Category_8_B
252.54119276524744,259.0428731597144,24.03853215130489,Category_1_B,Category_2_B,Category_3_A,Category_4_B,Category_5_B,Category_6_A,Category_7_B,Category_8_A
257.1920167731144,241.66745666421176,4.243238455172623,Category_1_B,Category_2_B,Category_3_B,Category_4_A,Category_5_A,Category_6_B,Category_7_B,Category_8_A
242.68713207269164,246.6078322437492,-30.435558183299975,Category_1_B,Category_2_B,Category_3_B,Category_4_A,Category_5_A,Category_6_B,Category_7_B,Category_8_A
306.3691618551092,290.53540874681084,10.979484405255768,Category_1_B,Category_2_A,Category_3_A,Category_4_B,Category_5_B,Category_6_B,Category_7_B,Category_8_B
152.1430265645538,152.92158956254974,13.696035031845591,Category_1_A,Category_2_A,Category_3_B,Category_4_A,Category_5_B,Category_6_A,Category_7_A,Category_8_B
56.60614159367773,51.47071192698279,22.61338879475502,Category_1_B,Category_2_A,Category_3_A,Category_4_A,Category_5_A,Category_6_A,Category_7_A,Category_8_A
206.61438200983832,194.2554845432642,5.771438068352411,Category_1_B,Category_2_A,Category_3_A,Category_4_A,Category_5_B,Category_6_B,Category_7_A,Category_8_B
247.77668150389957,241.67570633203857,-32.077523332502935,Category_1_A,Category_2_A,Category_3_B,Category_4_B,Category_5_B,Category_6_B,Category_7_A,Category_8_B
208.4066473394775,206.29038795951257,43.942638994480326,Category_1_A,Category_2_A,Category_3_B,Category_4_B,Category_5_B,Category_6_B,Category_7_A,Category_8_A
299.2132477967584,293.80965928673766,-11.898367834568308,Category_1_B,Category_2_B,Category_3_B,Category_4_A,Category_5_B,Category_6_B,Category_7_A,Category_8_B
99.7613522026862,96.1678817387046,-16.785880233913744,Category_1_A,Category_2_A,Category_3_A,Category_4_B,Category_5_A,Category_6_B,Category_7_A,Category_8_A
150.13775589077602,140.70719404224053,-17.397337570696447,Category_1_A,Category_2_B,Category_3_B,Category_4_A,Category_5_A,Category_6_B,Category_7_A,Category_8_A
190.130896633672,190.1748327319668,-49.11606495039828,Category_1_B,Category_2_A,Category_3_A,Category_4_A,Category_5_B,Category_6_B,Category_7_B,Category_8_A
196.4152985561176,202.59732500386096,-1.323280903338819,Category_1_B,Category_2_A,Category_3_A,Category_4_B,Category_5_A,Category_6_A,Category_7_B,Category_8_B
348.47352914240554,347.5799659567938,-16.71875146866471,Category_1_B,Category_2_B,Category_3_A,Category_4_B,Category_5_B,Category_6_B,Category_7_B,Category_8_B
291.47637302870936,298.0884593234903,-20.70401748148388,Category_1_B,Category_2_B,Category_3_B,Category_4_B,Category_5_A,Category_6_B,Category_7_B,Category_8_A
244.56022207660536,243.47851828243512,-34.631023981260455,Category_1_B,Category_2_B,Category_3_A,Category_4_B,Category_5_B,Category_6_A,Category_7_A,Category_8_B
245.33387767443307,256.9438643840167,-10.632668630645153,Category_1_A,Category_2_B,Category_3_B,Category_4_B,Category_5_B,Category_6_A,Category_7_B,Category_8_A
159.93826046383518,158.7977233580994,55.54866758661698,Category_1_A,Category_2_A,Category_3_A,Category_4_B,Category_5_B,Category_6_B,Category_7_A,Category_8_A
192.4227245071466,192.10068010404692,-35.80247774583261,Category_1_B,Category_2_A,Category_3_A,Category_4_B,Category_5_A,Category_6_A,Category_7_B,Category_8_B
346.8746113155956,352.49062260986653,-7.7257888439066225,Category_1_B,Category_2_B,Category_3_B,Category_4_B,Category_5_B,Category_6_B,Category_7_A,Category_8_B
209.79558417389237,191.7264952302219,18.047744859751983,Category_1_B,Category_2_B,Category_3_B,Category_4_A,Category_5_B,Category_6_A,Category_7_A,Category_8_A
309.24506631936543,294.7096496467516,16.080648901261807,Category_1_A,Category_2_B,Category_3_B,Category_4_A,Category_5_B,Category_6_B,Category_7_B,Category_8_B
308.0287124512429,303.33901016248683,30.260102639349096,Category_1_A,Category_2_B,Category_3_B,Category_4_B,Category_5_B,Category_6_B,Category_7_B,Category_8_A
143.91198281697731,159.83124411347575,10.074173298358378,Category_1_A,Category_2_A,Category_3_B,Category_4_A,Category_5_B,Category_6_B,Category_7_A,Category_8_A
241.7956614336572,247.29060825716203,-30.539087593361813,Category_1_A,Category_2_B,Category_3_B,Category_4_B,Category_5_B,Category_6_B,Category_7_A,Category_8_A
91.93749840986546,101.0108152638002,-16.37272242481804,Category_1_B,Category_2_A,Category_3_B,Category_4_A,Category_5_A,Category_6_A,Category_7_A,Category_8_A
251.96417809476864,247.99417557476724,-5.280916559838305,Category_1_B,Category_2_B,Category_3_B,Category_4_B,Category_5_A,Category_6_B,Category_7_A,Category_8_A
205.10558942889983,192.19129883323907,2.973131580200992,Category_1_B,Category_2_A,Category_3_A,Category_4_B,Category_5_A,Category_6_A,Category_7_B,Category_8_B
203.53667098110836,209.623845872923,30.0834090266858,Category_1_A,Category_2_A,Category_3_A,Category_4_B,Category_5_A,Category_6_B,Category_7_B,Category_8_B
244.3694046739212,244.00347462308667,-23.62289180889843,Category_1_B,Category_2_A,Category_3_B,Category_4_B,Category_5_A,Category_6_B,Category_7_A,Category_8_B
245.8791238354359,250.95828234787712,-9.38543229624889,Category_1_B,Category_2_B,Category_3_B,Category_4_A,Category_5_A,Category_6_A,Category_7_B,Category_8_B
150.0955905589453,147.50271223527687,-3.666991674132321,Category_1_A,Category_2_A,Category_3_B,Category_4_A,Category_5_A,Category_6_B,Category_7_A,Category_8_B
141.422568497587,153.4535046376399,-18.65160357102887,Category_1_A,Category_2_B,Category_3_A,Category_4_B,Category_5_B,Category_6_A,Category_7_A,Category_8_A
100.81811165384114,94.4527139986657,-3.2280991656421234,Category_1_A,Category_2_A,Category_3_A,Category_4_A,Category_5_B,Category_6_A,Category_7_A,Category_8_B
353.6461450835491,343.2578839308804,-16.26064325635395,Category_1_B,Category_2_B,Category_3_A,Category_4_B,Category_5_B,Category_6_B,Category_7_B,Category_8_B
249.94276567680237,250.7695457866284,1.7655325312584078,Category_1_A,Category_2_A,Category_3_B,Category_4_B,Category_5_B,Category_6_A,Category_7_B,Category_8_B
198.3917930084413,199.8149328701792,-0.2397332150479592,Category_1_B,Category_2_A,Category_3_B,Category_4_B,Category_5_A,Category_6_B,Category_7_A,Category_8_A
103.60276942943636,104.66969614698516,15.128686272501804,Category_1_A,Category_2_A,Category_3_B,Category_4_B,Category_5_A,Category_6_A,Category_7_A,Category_8_A
249.5383529447092,249.544249538064,4.363110217167463,Category_1_B,Category_2_A,Category_3_B,Category_4_A,Category_5_B,Category_6_B,Category_7_B,Category_8_A
102.65385189889106,93.35606495495291,-6.888834376602529,Category_1_A,Category_2_A,Category_3_B,Category_4_B,Category_5_A,Category_6_A,Category_7_A,Category_8_A
208.86081900331743,194.59293111890224,20.89749009792518,Category_1_A,Category_2_A,Category_3_B,Category_4_B,Category_5_A,Category_6_B,Category_7_A,Category_8_B
200.91745414263647,190.03255854319957,-18.09787639970237,Category_1_A,Category_2_B,Category_3_A,Category_4_B,Category_5_B,Category_6_A,Category_7_A,Category_8_B
154.48951370203358,149.1163565773533,10.504728605548486,Category_1_A,Category_2_A,Category_3_A,Category_4_A,Category_5_A,Category_6_B,Category_7_B,Category_8_B
245.78270453239105,249.4610370238761,-16.960127268313325,Category_1_B,Category_2_B,Category_3_B,Category_4_A,Category_5_A,Category_6_A,Category_7_B,Category_8_B
155.15338711922234,159.12024957550645,40.68366392152285,Category_1_A,Category_2_A,Category_3_B,Category_4_A,Category_5_A,Category_6_B,Category_7_B,Category_8_A
100.59313848075976,103.09603642023666,8.376613405364667,Category_1_B,Category_2_A,Category_3_A,Category_4_A,Category_5_A,Category_6_B,Category_7_A,Category_8_A
109.3709647320158,105.89683840697728,44.5026622759165,Category_1_A,Category_2_A,Category_3_A,Category_4_A,Category_5_A,Category_6_B,Category_7_A,Category_8_B
143.11781423590602,144.96111815197335,-34.26713352315753,Category_1_A,Category_2_A,Category_3_B,Category_4_A,Category_5_A,Category_6_A,Category_7_B,Category_8_B
256.82573436016344,247.3844086272184,14.899646820508762,Category_1_A,Category_2_B,Category_3_B,Category_4_B,Category_5_B,Category_6_B,Category_7_A,Category_8_A
93.26750444360472,92.25703679657396,-26.89418412227676,Category_1_A,Category_2_A,Category_3_B,Category_4_B,Category_5_A,Category_6_A,Category_7_A,Category_8_A
191.1542068043213,204.55834150098036,-19.85248390548499,Category_1_B,Category_2_B,Category_3_B,Category_4_A,Category_5_A,Category_6_B,Category_7_A,Category_8_A
244.31127114035627,253.08298554602516,-15.055992947993134,Category_1_B,Category_2_A,Category_3_B,Category_4_A,Category_5_B,Category_6_A,Category_7_B,Category_8_B
292.41882796518,301.9668674391749,-19.005371473982446,Category_1_B,Category_2_B,Category_3_B,Category_4_A,Category_5_A,Category_6_B,Category_7_B,Category_8_B
145.94424149444768,158.34647254467592,1.6512858032774544,Category_1_A,Category_2_B,Category_3_B,Category_4_A,Category_5_A,Category_6_A,Category_7_A,Category_8_B
340.1622016314128,348.94745129634765,-26.439011115094896,Category_1_A,Category_2_B,Category_3_B,Category_4_B,Category_5_B,Category_6_B,Category_7_B,Category_8_B
303.2369852632289,296.9628852723342,15.27970976569044,Category_1_B,Category_2_B,Category_3_A,Category_4_B,Category_5_B,Category_6_B,Category_7_A,Category_8_B
106.46692961366904,103.80248941892124,37.08931385114597,Category_1_A,Category_2_A,Category_3_B,Category_4_A,Category_5_A,Category_6_B,Category_7_A,Category_8_A
192.6847750655203,197.6782645897944,-30.10703761642088,Category_1_A,Category_2_B,Category_3_B,Category_4_A,Category_5_B,Category_6_B,Category_7_A,Category_8_A
194.21261712601253,207.2612536860684,-6.402431622110415,Category_1_A,Category_2_A,Category_3_B,Category_4_B,Category_5_B,Category_6_A,Category_7_B,Category_8_A
256.31893279451344,255.57692159923343,36.67325424561728,Category_1_B,Category_2_B,Category_3_A,Category_4_A,Category_5_B,Category_6_B,Category_7_A,Category_8_B
195.9526921056705,195.0301486661911,-20.528005384009678,Category_1_B,Category_2_B,Category_3_B,Category_4_A,Category_5_B,Category_6_A,Category_7_A,Category_8_A
249.89908650110343,254.778659589823,15.231387692517412,Category_1_B,Category_2_A,Category_3_A,Category_4_B,Category_5_A,Category_6_B,Category_7_B,Category_8_B
141.938847475261,142.294262167225,-46.081480963575856,Category_1_A,Category_2_A,Category_3_A,Category_4_A,Category_5_B,Category_6_B,Category_7_B,Category_8_A
304.42927576823774,306.4014793565522,16.81013766568647,Category_1_B,Category_2_A,Category_3_B,Category_4_A,Category_5_B,Category_6_B,Category_7_B,Category_8_B
157.66211851512242,157.91807683884912,38.69400171432766,Category_1_B,Category_2_B,Category_3_A,Category_4_A,Category_5_A,Category_6_B,Category_7_A,Category_8_A
297.0670204833867,304.8799419089472,1.8921964303218952,Category_1_B,Category_2_B,Category_3_B,Category_4_B,Category_5_B,Category_6_B,Category_7_A,Category_8_A
244.18788256934164,252.84880559392423,-11.196627262820092,Category_1_A,Category_2_B,Category_3_B,Category_4_B,Category_5_A,Category_6_B,Category_7_A,Category_8_B
208.33083250853664,193.2994035864268,16.71160323193264,Category_1_B,Category_2_A,Category_3_B,Category_4_A,Category_5_A,Category_6_A,Category_7_B,Category_8_B
297.93587992526506,302.2817092840084,-0.4288533513680663,Category_1_B,Category_2_B,Category_3_B,Category_4_B,Category_5_A,Category_6_B,Category_7_A,Category_8_B
202.6891193875024,191.36215827280247,-12.234340853464126,Category_1_A,Category_2_B,Category_3_A,Category_4_B,Category_5_A,Category_6_B,Category_7_A,Category_8_B
141.78280806453785,153.05698980290677,-26.0726302331093,Category_1_B,Category_2_B,Category_3_A,Category_4_A,Category_5_A,Category_6_A,Category_7_B,Category_8_A
102.68713001349975,94.19131558082752,-1.072532294117626,Category_1_A,Category_2_A,Category_3_B,Category_4_A,Category_5_A,Category_6_A,Category_7_A,Category_8_B
294.34515805087767,300.7773211378923,-13.447286605571543,Category_1_B,Category_2_A,Category_3_B,Category_4_B,Category_5_B,Category_6_B,Category_7_B,Category_8_A
153.5474342090687,157.55594710277563,23.98440749031772,Category_1_A,Category_2_B,Category_3_B,Category_4_A,Category_5_A,Category_6_A,Category_7_B,Category_8_A
349.14004257432657,345.47115366843343,-17.94970603797117,Category_1_A,Category_2_B,Category_3_B,Category_4_B,Category_5_B,Category_6_B,Category_7_B,Category_8_B
248.7529121048416,250.9419722587628,-8.79716221998979,Category_1_A,Category_2_B,Category_3_B,Category_4_B,Category_5_B,Category_6_A,Category_7_A,Category_8_B
152.78248548633906,146.08819968134728,-1.7686948632827968,Category_1_B,Category_2_A,Category_3_B,Category_4_A,Category_5_B,Category_6_A,Category_7_A,Category_8_A
157.66877459090156,151.54252334476882,31.28001255354483,Category_1_B,Category_2_A,Category_3_A,Category_4_B,Category_5_B,Category_6_A,Category_7_A,Category_8_A
197.24193739154708,192.13081204602037,-24.43416629405497,Category_1_B,Category_2_A,Category_3_B,Category_4_B,Category_5_B,Category_6_A,Category_7_A,Category_8_A
56.32649484332398,57.27523321943613,37.063556248185066,Category_1_A,Category_2_A,Category_3_A,Category_4_A,Category_5_A,Category_6_A,Category_7_B,Category_8_A
206.6110613758163,193.31310442773145,17.26441250998125,Category_1_A,Category_2_B,Category_3_B,Category_4_A,Category_5_A,Category_6_B,Category_7_A,Category_8_B
151.58327499447086,150.33094707187288,5.891920342618672,Category_1_A,Category_2_A,Category_3_B,Category_4_B,Category_5_A,Category_6_A,Category_7_B,Category_8_A
150.91925110085634,149.5142804791953,-5.529114132816192,Category_1_A,Category_2_A,Category_3_B,Category_4_B,Category_5_B,Category_6_A,Category_7_A,Category_8_A
42.03581529256011,41.48158553533545,-32.55629575419276,Category_1_A,Category_2_A,Category_3_A,Category_4_A,Category_5_A,Category_6_B,Category_7_A,Category_8_A
199.06864128357256,207.05417324151432,2.379304306199389,Category_1_B,Category_2_B,Category_3_A,Category_4_B,Category_5_A,Category_6_A,Category_7_B,Category_8_A
356.37053336560894,353.3217307203453,28.316478315937925,Category_1_B,Category_2_B,Category_3_B,Category_4_A,Category_5_B,Category_6_B,Category_7_B,Category_8_B
299.16290659548974,294.294059027613,-16.72807858606173,Category_1_A,Category_2_B,Category_3_A,Category_4_B,Category_5_B,Category_6_B,Category_7_B,Category_8_B
205.56421324057925,195.677169605063,7.968046707197621,Category_1_B,Category_2_A,Category_3_A,Category_4_A,Category_5_B,Category_6_A,Category_7_B,Category_8_B
140.09408854185736,148.9689792514452,-32.59402565151443,Category_1_A,Category_2_B,Category_3_B,Category_4_A,Category_5_A,Category_6_A,Category_7_B,Category_8_A
243.58659450424372,248.69772975147143,-19.421400119976667,Category_1_B,Category_2_A,Category_3_B,Category_4_B,Category_5_A,Category_6_B,Category_7_A,Category_8_B
159.1404616137363,157.75098861080772,35.67271612338678,Category_1_B,Category_2_B,Category_3_B,Category_4_A,Category_5_A,Category_6_A,Category_7_A,Category_8_A
252.67267715748773,243.40306658013407,-9.397611154376712,Category_1_A,Category_2_B,Category_3_B,Category_4_A,Category_5_B,Category_6_A,Category_7_B,Category_8_B
40.78997843837131,50.53074081028956,-27.4518329731825,Category_1_A,Category_2_A,Category_3_A,Category_4_A,Category_5_A,Category_6_B,Category_7_A,Category_8_A
196.52997902430792,192.56977101088563,-23.82345575507534,Category_1_B,Category_2_A,Category_3_B,Category_4_B,Category_5_B,Category_6_A,Category_7_A,Category_8_A
49.358180681426006,51.69023997482601,4.949233648775697,Category_1_A,Category_2_A,Category_3_A,Category_4_B,Category_5_A,Category_6_A,Category_7_A,Category_8_A
148.18499922387136,157.52537517466416,8.687115425935296,Category_1_B,Category_2_A,Category_3_A,Category_4_A,Category_5_A,Category_6_B,Category_7_B,Category_8_A
301.2207010246443,294.8731258472081,-7.324497525198751,Category_1_B,Category_2_B,Category_3_A,Category_4_B,Category_5_B,Category_6_B,Category_7_A,Category_8_B
54.86666536995318,45.71207841074445,0.7456574441112389,Category_1_A,Category_2_A,Category_3_A,Category_4_A,Category_5_A,Category_6_B,Category_7_A,Category_8_A
296.0511657510788,296.43112396721585,-12.409249841185066,Category_1_B,Category_2_B,Category_3_B,Category_4_B,Category_5_B,Category_6_A,Category_7_B,Category_8_A
297.890607779865,307.54958633842125,-1.2761657988567645,Category_1_A,Category_2_B,Category_3_A,Category_4_B,Category_5_B,Category_6_B,Category_7_B,Category_8_B
144.96566861583284,157.83831769648316,-8.105772270254983,Category_1_B,Category_2_B,Category_3_A,Category_4_B,Category_5_A,Category_6_A,Category_7_A,Category_8_A
405.82913092570107,394.0007918237541,-0.1944220059358556,Category_1_B,Category_2_B,Category_3_B,Category_4_B,Category_5_B,Category_6_B,Category_7_B,Category_8_B
250.76498306218215,257.4999159239619,18.893066574113508,Category_1_A,Category_2_B,Category_3_A,Category_4_B,Category_5_A,Category_6_B,Category_7_B,Category_8_B
191.73902134931532,202.85467399733847,-15.77377040156307,Category_1_B,Category_2_B,Category_3_B,Category_4_A,Category_5_B,Category_6_A,Category_7_A,Category_8_A
191.0326103307648,209.77131847619384,-9.687547293318037,Category_1_A,Category_2_B,Category_3_A,Category_4_B,Category_5_B,Category_6_A,Category_7_B,Category_8_A
247.40506086242436,252.63144838672483,-2.402033403039335,Category_1_B,Category_2_B,Category_3_A,Category_4_B,Category_5_B,Category_6_B,Category_7_A,Category_8_A
258.24802837795005,251.526198032868,24.47056227761069,Category_1_B,Category_2_A,Category_3_A,Category_4_A,Category_5_B,Category_6_B,Category_7_B,Category_8_B
152.08036577638364,146.48835370333617,-5.831632000572863,Category_1_A,Category_2_A,Category_3_B,Category_4_A,Category_5_B,Category_6_A,Category_7_A,Category_8_B
202.14829511741848,207.7375110374213,17.889600476510576,Category_1_A,Category_2_B,Category_3_B,Category_4_A,Category_5_B,Category_6_A,Category_7_A,Category_8_B
147.0921178347541,140.58582962038182,-31.204922958851903,Category_1_B,Category_2_B,Category_3_A,Category_4_A,Category_5_A,Category_6_A,Category_7_B,Category_8_A
203.17695385417892,192.5520166432768,-10.7245321555888,Category_1_A,Category_2_A,Category_3_B,Category_4_A,Category_5_B,Category_6_A,Category_7_B,Category_8_B
155.04620132340614,152.75934492121317,29.998762558572828,Category_1_A,Category_2_A,Category_3_A,Category_4_B,Category_5_A,Category_6_B,Category_7_A,Category_8_B
291.6228504386394,302.2277227537286,-32.1284421551036,Category_1_A,Category_2_B,Category_3_B,Category_4_B,Category_5_B,Category_6_B,Category_7_A,Category_8_B
256.3417736513934,250.6876363093383,17.204492195427626,Category_1_B,Category_2_A,Category_3_A,Category_4_B,Category_5_B,Category_6_B,Category_7_A,Category_8_B
155.27679274223837,151.1760286240467,10.597218045039895,Category_1_B,Category_2_A,Category_3_A,Category_4_A,Category_5_A,Category_6_B,Category_7_A,Category_8_B
240.97729510740464,253.53235005591932,-24.554797402594648,Category_1_A,Category_2_A,Category_3_A,Category_4_B,Category_5_B,Category_6_B,Category_7_B,Category_8_B
101.61257713496992,102.15261554049049,8.226143594132433,Category_1_A,Category_2_A,Category_3_A,Category_4_A,Category_5_B,Category_6_B,Category_7_A,Category_8_A
93.85469344041266,92.33133159654952,-22.896119295343,Category_1_A,Category_2_B,Category_3_A,Category_4_A,Category_5_B,Category_6_A,Category_7_A,Category_8_A
193.82757900733137,191.8169792405002,-34.83808899936318,Category_1_A,Category_2_B,Category_3_A,Category_4_A,Category_5_B,Category_6_A,Category_7_B,Category_8_B
202.5057521998899,195.38032625803848,2.2446581923499367,Category_1_A,Category_2_B,Category_3_B,Category_4_B,Category_5_A,Category_6_A,Category_7_B,Category_8_A
240.21298390481445,253.6415635994696,-26.3964047734375,Category_1_B,Category_2_B,Category_3_B,Category_4_B,Category_5_A,Category_6_A,Category_7_A,Category_8_B
202.69707780932893,204.44610740800115,13.091358835667862,Category_1_A,Category_2_B,Category_3_A,Category_4_B,Category_5_A,Category_6_A,Category_7_B,Category_8_B
197.69610074829097,192.5435525897976,-29.071685203199657,Category_1_A,Category_2_B,Category_3_B,Category_4_A,Category_5_A,Category_6_A,Category_7_B,Category_8_B
194.72404796205467,199.31865094811525,-8.91807729229713,Category_1_B,Category_2_A,Category_3_A,Category_4_B,Category_5_A,Category_6_A,Category_7_B,Category_8_B
140.2982342896619,158.01224239908652,-14.054130180779085,Category_1_A,Category_2_A,Category_3_A,Category_4_A,Category_5_B,Category_6_B,Category_7_A,Category_8_B
98.6860134412453,95.09725267841434,-8.795929697107711,Category_1_A,Category_2_B,Category_3_A,Category_4_A,Category_5_A,Category_6_B,Category_7_A,Category_8_A
95.2306355182874,95.51677194223768,-20.57710854836117,Category_1_B,Category_2_B,Category_3_A,Category_4_A,Category_5_A,Category_6_A,Category_7_A,Category_8_A
347.02449466433586,344.3067590345081,-19.015184338967213,Category_1_B,Category_2_B,Category_3_B,Category_4_A,Category_5_B,Category_6_B,Category_7_B,Category_8_B
258.8960279473491,259.2957448170389,35.68113423266799,Category_1_B,Category_2_B,Category_3_A,Category_4_A,Category_5_A,Category_6_B,Category_7_B,Category_8_B
91.78757942655592,109.76720352273108,-3.211156887091427,Category_1_A,Category_2_A,Category_3_A,Category_4_A,Category_5_A,Category_6_A,Category_7_B,Category_8_B
94.33693215699849,90.27049224998844,-28.664142846776443,Category_1_A,Category_2_A,Category_3_A,Category_4_B,Category_5_B,Category_6_A,Category_7_A,Category_8_A
209.1788407225626,205.116377218435,37.12063223204412,Category_1_B,Category_2_B,Category_3_A,Category_4_A,Category_5_B,Category_6_A,Category_7_A,Category_8_B
200.00381026585907,207.96838813779232,20.50364128080096,Category_1_A,Category_2_A,Category_3_B,Category_4_A,Category_5_B,Category_6_B,Category_7_B,Category_8_A
195.0906357727069,194.83602696703815,-27.62594755975753,Category_1_B,Category_2_A,Category_3_A,Category_4_B,Category_5_B,Category_6_B,Category_7_A,Category_8_A
345.6445456950829,349.94324887346943,-20.36108557442821,Category_1_B,Category_2_B,Category_3_B,Category_4_B,Category_5_B,Category_6_A,Category_7_B,Category_8_B
254.73573925449173,255.69868154736216,20.8925580845333,Category_1_B,Category_2_A,Category_3_A,Category_4_A,Category_5_B,Category_6_B,Category_7_B,Category_8_B
109.71801299904224,106.46757282145636,35.50204625135521,Category_1_A,Category_2_A,Category_3_A,Category_4_A,Category_5_A,Category_6_A,Category_7_B,Category_8_B
254.34392457375904,245.6263108993225,3.0827827293856043,Category_1_B,Category_2_A,Category_3_B,Category_4_A,Category_5_B,Category_6_B,Category_7_B,Category_8_A
202.2734663808442,206.65027144382807,21.775477239713837,Category_1_B,Category_2_A,Category_3_B,Category_4_A,Category_5_B,Category_6_B,Category_7_A,Category_8_A
151.2612485992373,149.26579263339238,4.503532745724556,Category_1_B,Category_2_A,Category_3_A,Category_4_A,Category_5_B,Category_6_B,Category_7_A,Category_8_A
356.37829103214625,340.8610571480039,4.468050179520329,Category_1_B,Category_2_B,Category_3_B,Category_4_B,Category_5_B,Category_6_A,Category_7_B,Category_8_B
202.2342795351699,194.8408648440066,-10.074490792043402,Category_1_B,Category_2_B,Category_3_A,Category_4_A,Category_5_A,Category_6_B,Category_7_B,Category_8_A
155.34542504084644,157.19289168444567,37.92369160344152,Category_1_B,Category_2_B,Category_3_A,Category_4_A,Category_5_A,Category_6_A,Category_7_B,Category_8_A
240.8569334730589,244.71817632419183,-33.99002502846844,Category_1_B,Category_2_A,Category_3_A,Category_4_B,Category_5_B,Category_6_A,Category_7_B,Category_8_B
304.5697123524553,299.28314377573594,9.550216163957622,Category_1_A,Category_2_B,Category_3_B,Category_4_B,Category_5_B,Category_6_B,Category_7_A,Category_8_B
190.78149211110645,201.73778962293864,-30.48381321263979,Category_1_B,Category_2_A,Category_3_A,Category_4_B,Category_5_A,Category_6_A,Category_7_B,Category_8_B
91.85225705594546,104.84258191071451,-17.052341394335446,Category_1_B,Category_2_A,Category_3_A,Category_4_A,Category_5_A,Category_6_B,Category_7_A,Category_8_A
253.58834630965828,257.71012134111254,22.46095504011121,Category_1_B,Category_2_B,Category_3_A,Category_4_B,Category_5_A,Category_6_B,Category_7_B,Category_8_A
246.6957029096284,254.3371128883675,1.3027227998164026,Category_1_B,Category_2_A,Category_3_B,Category_4_A,Category_5_B,Category_6_B,Category_7_A,Category_8_B
242.0253648310357,246.40427828852967,-33.26531854149725,Category_1_B,Category_2_A,Category_3_A,Category_4_B,Category_5_A,Category_6_B,Category_7_B,Category_8_B
156.90970909913256,156.43124805558568,39.49601784957659,Category_1_B,Category_2_B,Category_3_A,Category_4_A,Category_5_A,Category_6_A,Category_7_A,Category_8_B
191.73748409491049,194.2079741036549,-43.82430068334209,Category_1_B,Category_2_A,Category_3_B,Category_4_B,Category_5_B,Category_6_A,Category_7_A,Category_8_A
193.6995768257341,202.4688530659097,-12.861345555142814,Category_1_A,Category_2_B,Category_3_A,Category_4_B,Category_5_B,Category_6_A,Category_7_B,Category_8_A
243.89794523965395,257.6740782443395,3.2105287400775167,Category_1_A,Category_2_B,Category_3_B,Category_4_B,Category_5_A,Category_6_B,Category_7_B,Category_8_A
199.1996528396425,191.9649322403758,-20.28237676906053,Category_1_A,Category_2_B,Category_3_B,Category_4_B,Category_5_A,Category_6_A,Category_7_B,Category_8_A
243.9963080025208,256.63114457277175,-1.307016648745757,Category_1_B,Category_2_A,Category_3_B,Category_4_A,Category_5_B,Category_6_B,Category_7_A,Category_8_B
155.62893867614736,153.35389857302613,15.194251457271712,Category_1_B,Category_2_A,Category_3_A,Category_4_A,Category_5_B,Category_6_A,Category_7_B,Category_8_A
196.1806759787752,190.037961238913,-28.44332953622883,Category_1_A,Category_2_B,Category_3_A,Category_4_B,Category_5_A,Category_6_A,Category_7_B,Category_8_B
101.79760410167252,109.0719434195248,20.392161144018495,Category_1_A,Category_2_B,Category_3_A,Category_4_A,Category_5_A,Category_6_A,Category_7_A,Category_8_B
150.5820037881233,150.03019554828478,3.1653569618797635,Category_1_A,Category_2_A,Category_3_A,Category_4_A,Category_5_B,Category_6_B,Category_7_A,Category_8_B
100.44152417087626,108.90705492867744,14.569267981203447,Category_1_B,Category_2_A,Category_3_A,Category_4_A,Category_5_B,Category_6_A,Category_7_A,Category_8_A
294.77808181049056,296.69326704661484,-21.126073193641574,Category_1_B,Category_2_B,Category_3_B,Category_4_A,Category_5_B,Category_6_A,Category_7_B,Category_8_B
109.31914850556277,93.04236699899532,11.045037943237984,Category_1_A,Category_2_A,Category_3_B,Category_4_A,Category_5_A,Category_6_B,Category_7_A,Category_8_A
252.11114368226805,245.0164333756244,-2.703801892048704,Category_1_B,Category_2_A,Category_3_B,Category_4_B,Category_5_A,Category_6_B,Category_7_A,Category_8_B
247.0644160734512,245.8599733530499,-14.48076169564897,Category_1_A,Category_2_B,Category_3_B,Category_4_A,Category_5_B,Category_6_B,Category_7_A,Category_8_B
148.14314902744633,151.66301669603374,-3.5118324483005554,Category_1_A,Category_2_A,Category_3_B,Category_4_B,Category_5_A,Category_6_A,Category_7_B,Category_8_A
202.0735575650073,202.00237953954192,9.539951193134195,Category_1_B,Category_2_B,Category_3_A,Category_4_B,Category_5_A,Category_6_A,Category_7_A,Category_8_B
249.52889167316505,255.49166204033207,7.487745843828883,Category_1_A,Category_2_B,Category_3_B,Category_4_B,Category_5_A,Category_6_A,Category_7_B,Category_8_B
99.90524671501512,93.49228596626324,-13.16074836173868,Category_1_A,Category_2_A,Category_3_A,Category_4_B,Category_5_A,Category_6_B,Category_7_A,Category_8_A
107.3014268515204,104.84777661073448,31.96181899170342,Category_1_A,Category_2_A,Category_3_A,Category_4_B,Category_5_A,Category_6_A,Category_7_B,Category_8_A
106.25668088041304,100.2564436515861,23.97357766074792,Category_1_A,Category_2_B,Category_3_A,Category_4_B,Category_5_A,Category_6_A,Category_7_A,Category_8_A
109.61631937090355,109.8258012971384,47.89794930764332,Category_1_A,Category_2_A,Category_3_A,Category_4_A,Category_5_A,Category_6_B,Category_7_B,Category_8_A
